time,mode,v_cmd,v_meas,freq,step_len,A_hip_pitch,A_knee,A_ankle_pitch,pitch,roll,gyro_x,gyro_y,amp,state,fall
48.984,MANUAL,0.000,0.000,0.600,0.050,0.200,0.350,0.150,-0.003,-3.142,0.190,0.007,0.000,IDLE,0
48.992,MANUAL,0.000,0.009,0.600,0.050,0.200,0.350,0.150,-0.003,-3.142,0.180,0.012,0.000,IDLE,0
49.000,MANUAL,0.000,0.017,0.600,0.050,0.200,0.350,0.150,-0.003,-3.142,0.160,0.017,0.000,IDLE,0
49.008,MANUAL,0.000,0.022,0.600,0.050,0.200,0.350,0.150,-0.003,-3.142,0.145,0.020,0.000,IDLE,0
49.016,MANUAL,0.000,0.025,0.600,0.050,0.200,0.350,0.150,-0.003,-3.142,0.129,0.023,0.000,IDLE,0
49.024,MANUAL,0.000,0.028,0.600,0.050,0.200,0.350,0.150,-0.003,3.142,0.117,0.024,0.000,IDLE,1
49.032,MANUAL,0.000,0.029,0.600,0.050,0.200,0.350,0.150,-0.003,3.142,0.107,0.025,0.000,IDLE,1
49.040,MANUAL,0.000,0.030,0.600,0.050,0.200,0.350,0.150,-0.003,3.142,0.098,0.026,0.000,IDLE,1
49.048,MANUAL,0.000,0.030,0.600,0.050,0.200,0.350,0.150,-0.002,3.142,0.088,0.025,0.000,IDLE,1
49.056,MANUAL,0.000,0.029,0.600,0.050,0.200,0.350,0.150,-0.002,3.142,0.080,0.024,0.000,IDLE,1
49.064,MANUAL,0.000,0.028,0.600,0.050,0.200,0.350,0.150,-0.002,3.142,0.072,0.023,0.000,IDLE,1
49.072,MANUAL,0.000,0.027,0.600,0.050,0.200,0.350,0.150,-0.002,3.142,0.065,0.021,0.000,IDLE,1
49.080,MANUAL,0.000,0.026,0.600,0.050,0.200,0.350,0.150,-0.002,3.142,0.059,0.019,0.000,IDLE,1
49.088,MANUAL,0.000,0.025,0.600,0.050,0.200,0.350,0.150,-0.002,3.142,0.054,0.017,0.000,IDLE,1
49.096,MANUAL,0.000,0.024,0.600,0.050,0.200,0.350,0.150,-0.002,3.142,0.050,0.015,0.000,IDLE,1
49.104,MANUAL,0.000,0.022,0.600,0.050,0.200,0.350,0.150,-0.002,3.142,0.047,0.013,0.000,IDLE,1
49.112,MANUAL,0.000,0.021,0.600,0.050,0.200,0.350,0.150,-0.002,3.142,0.044,0.011,0.000,IDLE,1
49.120,MANUAL,0.000,0.020,0.600,0.050,0.200,0.350,0.150,-0.002,3.142,0.041,0.010,0.000,IDLE,1
49.128,MANUAL,0.000,0.018,0.600,0.050,0.200,0.350,0.150,-0.001,3.142,0.037,0.008,0.000,IDLE,1
49.136,MANUAL,0.000,0.017,0.600,0.050,0.200,0.350,0.150,-0.001,3.142,0.036,0.007,0.000,IDLE,1
49.144,MANUAL,0.000,0.016,0.600,0.050,0.200,0.350,0.150,-0.001,3.142,0.032,0.001,0.000,IDLE,1
49.152,MANUAL,0.000,0.014,0.600,0.050,0.200,0.350,0.150,-0.001,3.142,0.030,0.000,0.000,IDLE,1
49.160,MANUAL,0.000,0.013,0.600,0.050,0.200,0.350,0.150,-0.001,3.142,0.028,0.000,0.000,IDLE,1
49.168,MANUAL,0.000,0.012,0.600,0.050,0.200,0.350,0.150,-0.002,3.142,0.049,-0.012,0.000,IDLE,1
49.176,MANUAL,0.000,0.010,0.600,0.050,0.200,0.350,0.150,-0.002,3.142,0.054,0.003,0.000,IDLE,1
49.184,MANUAL,0.000,0.008,0.600,0.050,0.200,0.350,0.150,-0.001,3.142,0.053,0.002,0.000,IDLE,1
49.192,MANUAL,0.000,0.007,0.600,0.050,0.200,0.350,0.150,-0.001,3.142,0.053,0.002,0.000,IDLE,1
49.200,MANUAL,0.000,0.006,0.600,0.050,0.200,0.350,0.150,-0.001,3.142,0.051,0.002,0.000,IDLE,1
49.208,MANUAL,0.000,0.005,0.600,0.050,0.200,0.350,0.150,-0.001,3.142,0.052,0.002,0.000,IDLE,1
49.216,MANUAL,0.000,0.005,0.600,0.050,0.200,0.350,0.150,-0.001,3.142,0.050,0.001,0.000,IDLE,1
49.224,MANUAL,0.000,0.004,0.600,0.050,0.200,0.350,0.150,-0.001,3.142,0.050,0.001,0.000,IDLE,1
49.232,MANUAL,0.000,0.004,0.600,0.050,0.200,0.350,0.150,-0.001,3.142,0.049,0.001,0.000,IDLE,1
49.240,MANUAL,0.000,0.003,0.600,0.050,0.200,0.350,0.150,-0.001,3.142,0.047,0.000,0.000,IDLE,1
49.248,MANUAL,0.000,0.003,0.600,0.050,0.200,0.350,0.150,-0.001,3.142,0.047,0.000,0.000,IDLE,1
49.256,MANUAL,0.000,0.003,0.600,0.050,0.200,0.350,0.150,-0.001,3.142,0.043,0.001,0.000,IDLE,1
49.264,MANUAL,0.000,0.002,0.600,0.050,0.200,0.350,0.150,-0.001,3.142,0.042,0.001,0.000,IDLE,1
49.272,MANUAL,0.000,0.002,0.600,0.050,0.200,0.350,0.150,-0.001,3.142,0.041,0.001,0.000,IDLE,1
49.280,MANUAL,0.000,0.002,0.600,0.050,0.200,0.350,0.150,-0.001,3.142,0.039,-0.001,0.000,IDLE,1
49.288,MANUAL,0.000,0.002,0.600,0.050,0.200,0.350,0.150,-0.001,3.142,0.038,-0.001,0.000,IDLE,1
49.296,MANUAL,0.000,0.001,0.600,0.050,0.200,0.350,0.150,-0.001,3.142,0.035,0.001,0.000,IDLE,1
49.304,MANUAL,0.000,0.001,0.600,0.050,0.200,0.350,0.150,-0.001,3.142,0.034,0.001,0.000,IDLE,1
49.312,MANUAL,0.000,0.001,0.600,0.050,0.200,0.350,0.150,-0.001,3.142,0.033,0.001,0.000,IDLE,1
49.320,MANUAL,0.000,0.001,0.600,0.050,0.200,0.350,0.150,-0.001,3.142,0.031,0.001,0.000,IDLE,1
49.328,MANUAL,0.000,0.001,0.600,0.050,0.200,0.350,0.150,-0.001,3.142,0.030,0.001,0.000,IDLE,1
49.336,MANUAL,0.000,0.001,0.600,0.050,0.200,0.350,0.150,-0.001,3.142,0.028,0.001,0.000,IDLE,1
49.344,MANUAL,0.000,0.001,0.600,0.050,0.200,0.350,0.150,-0.001,3.142,0.027,0.001,0.000,IDLE,1
49.352,MANUAL,0.000,0.000,0.600,0.050,0.200,0.350,0.150,-0.001,3.142,0.026,0.001,0.000,IDLE,1
49.360,MANUAL,0.000,0.000,0.600,0.050,0.200,0.350,0.150,-0.001,3.142,0.025,0.001,0.000,IDLE,1
49.368,MANUAL,0.000,0.000,0.600,0.050,0.200,0.350,0.150,-0.001,3.142,0.023,0.001,0.000,IDLE,1
49.376,MANUAL,0.000,0.000,0.600,0.050,0.200,0.350,0.150,-0.001,3.142,0.022,0.001,0.000,IDLE,1
49.384,MANUAL,0.000,0.000,0.600,0.050,0.200,0.350,0.150,-0.001,3.142,0.021,0.001,0.000,IDLE,1
49.392,MANUAL,0.000,0.000,0.600,0.050,0.200,0.350,0.150,-0.001,3.142,0.020,0.001,0.000,IDLE,1
49.400,MANUAL,0.000,0.000,0.600,0.050,0.200,0.350,0.150,-0.001,3.142,0.019,0.001,0.000,IDLE,1
49.408,MANUAL,0.000,0.000,0.600,0.050,0.200,0.350,0.150,-0.001,3.142,0.018,0.001,0.000,IDLE,1
49.416,MANUAL,0.000,0.000,0.600,0.050,0.200,0.350,0.150,-0.001,3.142,0.017,0.001,0.000,IDLE,1
49.424,MANUAL,0.000,0.000,0.600,0.050,0.200,0.350,0.150,-0.001,3.142,0.016,0.001,0.000,IDLE,1
49.432,MANUAL,0.000,0.000,0.600,0.050,0.200,0.350,0.150,-0.001,3.142,0.015,0.000,0.000,IDLE,1
49.440,MANUAL,0.000,0.000,0.600,0.050,0.200,0.350,0.150,-0.001,3.142,0.015,0.000,0.000,IDLE,1
49.448,MANUAL,0.000,0.000,0.600,0.050,0.200,0.350,0.150,-0.001,3.142,0.014,0.000,0.000,IDLE,1
49.456,MANUAL,0.000,0.000,0.600,0.050,0.200,0.350,0.150,-0.001,3.142,0.013,0.000,0.000,IDLE,1
49.464,MANUAL,0.000,0.000,0.600,0.050,0.200,0.350,0.150,-0.001,3.142,0.012,0.000,0.000,IDLE,1
49.472,MANUAL,0.000,0.000,0.600,0.050,0.200,0.350,0.150,-0.001,3.142,0.012,0.000,0.000,IDLE,1
49.480,MANUAL,0.000,0.000,0.600,0.050,0.200,0.350,0.150,-0.001,3.142,0.011,0.000,0.000,IDLE,1
49.488,MANUAL,0.000,0.000,0.600,0.050,0.200,0.350,0.150,-0.001,3.142,0.010,0.000,0.000,IDLE,1
49.496,MANUAL,0.000,0.000,0.600,0.050,0.200,0.350,0.150,-0.001,3.142,0.010,0.000,0.000,IDLE,1
49.504,MANUAL,0.000,0.000,0.600,0.050,0.200,0.350,0.150,-0.001,3.142,0.009,0.000,0.000,IDLE,1
49.512,MANUAL,0.000,0.000,0.600,0.050,0.200,0.350,0.150,-0.001,3.142,0.009,0.000,0.000,IDLE,1
49.520,MANUAL,0.000,0.000,0.600,0.050,0.200,0.350,0.150,-0.001,3.142,0.008,0.000,0.000,IDLE,1
49.528,MANUAL,0.000,0.000,0.600,0.050,0.200,0.350,0.150,-0.001,3.142,0.008,0.000,0.000,IDLE,1
49.536,MANUAL,0.000,0.000,0.600,0.050,0.200,0.350,0.150,-0.001,3.142,0.007,0.000,0.000,IDLE,1
49.544,MANUAL,0.000,0.000,0.600,0.050,0.200,0.350,0.150,-0.001,3.142,0.007,0.000,0.000,IDLE,1
49.552,MANUAL,0.000,0.000,0.600,0.050,0.200,0.350,0.150,-0.001,3.142,0.006,0.000,0.000,IDLE,1
49.560,MANUAL,0.000,0.000,0.600,0.050,0.200,0.350,0.150,-0.001,3.142,0.006,0.000,0.000,IDLE,1
49.568,MANUAL,0.000,0.000,0.600,0.050,0.200,0.350,0.150,-0.001,3.142,0.006,0.000,0.000,IDLE,1
49.576,MANUAL,0.000,0.000,0.600,0.050,0.200,0.350,0.150,-0.001,3.142,0.005,0.000,0.000,IDLE,1
49.584,MANUAL,0.000,0.000,0.600,0.050,0.200,0.350,0.150,-0.001,3.142,0.005,0.000,0.000,IDLE,1
49.592,MANUAL,0.000,0.000,0.600,0.050,0.200,0.350,0.150,-0.001,3.142,0.005,0.000,0.000,IDLE,1
49.600,MANUAL,0.000,0.000,0.600,0.050,0.200,0.350,0.150,-0.001,3.142,0.004,0.000,0.000,IDLE,1
49.608,MANUAL,0.000,0.000,0.600,0.050,0.200,0.350,0.150,-0.001,3.142,0.004,0.000,0.000,IDLE,1
49.616,MANUAL,0.000,0.000,0.600,0.050,0.200,0.350,0.150,-0.001,3.142,0.004,0.000,0.000,IDLE,1
49.624,MANUAL,0.000,0.000,0.600,0.050,0.200,0.350,0.150,-0.001,3.142,0.004,0.000,0.000,IDLE,1
49.632,MANUAL,0.000,0.000,0.600,0.050,0.200,0.350,0.150,-0.001,3.142,0.003,0.000,0.000,IDLE,1
49.640,MANUAL,0.000,0.000,0.600,0.050,0.200,0.350,0.150,-0.001,3.142,0.003,0.000,0.000,IDLE,1
49.648,MANUAL,0.000,0.000,0.600,0.050,0.200,0.350,0.150,-0.001,3.142,0.003,0.000,0.000,IDLE,1
49.656,MANUAL,0.000,0.000,0.600,0.050,0.200,0.350,0.150,-0.001,3.142,0.003,0.000,0.000,IDLE,1
49.664,MANUAL,0.000,0.000,0.600,0.050,0.200,0.350,0.150,-0.001,3.142,0.003,0.000,0.000,IDLE,1
49.672,MANUAL,0.000,0.000,0.600,0.050,0.200,0.350,0.150,-0.001,3.142,0.003,0.000,0.000,IDLE,1
49.680,MANUAL,0.000,0.000,0.600,0.050,0.200,0.350,0.150,-0.001,3.142,0.002,0.000,0.000,IDLE,1
49.688,MANUAL,0.000,0.000,0.600,0.050,0.200,0.350,0.150,-0.001,3.142,0.002,0.000,0.000,IDLE,1
49.696,MANUAL,0.000,0.000,0.600,0.050,0.200,0.350,0.150,-0.001,3.142,0.002,0.000,0.000,IDLE,1
49.704,MANUAL,0.000,0.000,0.600,0.050,0.200,0.350,0.150,-0.001,3.142,0.002,0.000,0.000,IDLE,1
49.712,MANUAL,0.000,0.000,0.600,0.050,0.200,0.350,0.150,-0.001,3.142,0.002,0.000,0.000,IDLE,1
49.720,MANUAL,0.000,0.000,0.600,0.050,0.200,0.350,0.150,-0.001,3.142,0.002,0.000,0.000,IDLE,1
49.728,MANUAL,0.000,0.000,0.600,0.050,0.200,0.350,0.150,-0.001,3.142,0.002,0.000,0.000,IDLE,1
49.736,MANUAL,0.000,0.000,0.600,0.050,0.200,0.350,0.150,-0.001,3.142,0.002,0.000,0.000,IDLE,1
49.744,MANUAL,0.000,0.000,0.600,0.050,0.200,0.350,0.150,-0.001,3.142,0.001,0.000,0.000,IDLE,1
49.752,MANUAL,0.000,0.000,0.600,0.050,0.200,0.350,0.150,-0.001,3.142,0.001,0.000,0.000,IDLE,1
49.760,MANUAL,0.000,0.000,0.600,0.050,0.200,0.350,0.150,-0.001,3.142,0.001,0.000,0.000,IDLE,1
49.768,MANUAL,0.000,0.000,0.600,0.050,0.200,0.350,0.150,-0.001,3.142,0.001,0.000,0.000,IDLE,1
49.776,MANUAL,0.000,0.000,0.600,0.050,0.200,0.350,0.150,-0.001,3.142,0.001,0.000,0.000,IDLE,1
49.784,MANUAL,0.000,0.000,0.600,0.050,0.200,0.350,0.150,-0.001,3.142,0.001,0.000,0.000,IDLE,1
49.792,MANUAL,0.000,0.000,0.600,0.050,0.200,0.350,0.150,-0.001,3.142,0.001,0.000,0.000,IDLE,1
49.800,MANUAL,0.000,0.000,0.600,0.050,0.200,0.350,0.150,-0.001,3.142,0.001,0.000,0.000,IDLE,1
49.808,MANUAL,0.000,0.000,0.600,0.050,0.200,0.350,0.150,-0.001,3.142,0.001,0.000,0.000,IDLE,1
49.816,MANUAL,0.000,0.000,0.600,0.050,0.200,0.350,0.150,-0.001,3.142,0.001,0.000,0.000,IDLE,1
49.824,MANUAL,0.000,0.000,0.600,0.050,0.200,0.350,0.150,-0.001,3.142,0.001,0.000,0.000,IDLE,1
49.832,MANUAL,0.000,0.000,0.600,0.050,0.200,0.350,0.150,-0.001,3.142,0.001,0.000,0.000,IDLE,1
49.840,MANUAL,0.000,0.000,0.600,0.050,0.200,0.350,0.150,-0.001,3.142,0.001,0.000,0.000,IDLE,1
49.848,MANUAL,0.000,0.000,0.600,0.050,0.200,0.350,0.150,-0.001,3.142,0.001,0.000,0.000,IDLE,1
49.856,MANUAL,0.000,0.000,0.600,0.050,0.200,0.350,0.150,-0.001,3.142,0.001,0.000,0.000,IDLE,1
49.864,MANUAL,0.000,0.000,0.600,0.050,0.200,0.350,0.150,-0.001,3.142,0.001,0.000,0.000,IDLE,1
49.872,MANUAL,0.000,0.000,0.600,0.050,0.200,0.350,0.150,-0.001,3.142,0.001,0.000,0.000,IDLE,1
49.880,MANUAL,0.000,0.000,0.600,0.050,0.200,0.350,0.150,-0.001,3.142,0.000,0.000,0.000,IDLE,1
49.888,MANUAL,0.000,0.000,0.600,0.050,0.200,0.350,0.150,-0.001,3.142,0.000,0.000,0.000,IDLE,1
49.896,MANUAL,0.000,0.000,0.600,0.050,0.200,0.350,0.150,-0.001,3.142,0.000,0.000,0.000,IDLE,1
49.904,MANUAL,0.000,0.000,0.600,0.050,0.200,0.350,0.150,-0.001,3.142,0.000,0.000,0.000,IDLE,1
49.912,MANUAL,0.000,0.000,0.600,0.050,0.200,0.350,0.150,-0.001,3.142,0.000,0.000,0.000,IDLE,1
49.920,MANUAL,0.000,0.000,0.600,0.050,0.200,0.350,0.150,-0.001,3.142,0.000,0.000,0.000,IDLE,1
49.928,MANUAL,0.000,0.000,0.600,0.050,0.200,0.350,0.150,-0.001,3.142,0.000,0.000,0.000,IDLE,1
49.936,MANUAL,0.000,0.000,0.600,0.050,0.200,0.350,0.150,-0.001,3.142,0.000,0.000,0.000,IDLE,1
49.944,MANUAL,0.000,0.000,0.600,0.050,0.200,0.350,0.150,-0.001,3.142,0.000,0.000,0.000,IDLE,1
49.952,MANUAL,0.000,0.000,0.600,0.050,0.200,0.350,0.150,-0.001,3.142,0.000,0.000,0.000,IDLE,1
49.960,MANUAL,0.000,0.000,0.600,0.050,0.200,0.350,0.150,-0.001,3.142,0.000,0.000,0.000,IDLE,1
49.968,MANUAL,0.000,0.000,0.600,0.050,0.200,0.350,0.150,-0.001,3.142,0.000,0.000,0.000,IDLE,1
49.976,MANUAL,0.000,0.000,0.600,0.050,0.200,0.350,0.150,-0.001,3.142,0.000,0.000,0.000,IDLE,1
49.984,MANUAL,0.000,0.000,0.600,0.050,0.200,0.350,0.150,-0.001,3.142,0.000,0.000,0.000,IDLE,1
49.992,MANUAL,0.000,0.000,0.600,0.050,0.200,0.350,0.150,-0.001,3.142,0.000,0.000,0.000,IDLE,1
50.000,MANUAL,0.000,0.000,0.600,0.050,0.200,0.350,0.150,-0.001,3.142,0.000,0.000,0.000,IDLE,1
50.008,MANUAL,0.000,0.000,0.600,0.050,0.200,0.350,0.150,-0.001,3.142,0.000,0.000,0.000,IDLE,1
50.016,MANUAL,0.000,0.000,0.600,0.050,0.200,0.350,0.150,-0.001,3.142,0.000,0.000,0.000,IDLE,1
50.024,MANUAL,0.000,0.000,0.600,0.050,0.200,0.350,0.150,-0.001,3.142,0.000,0.000,0.000,IDLE,1
50.032,MANUAL,0.000,0.000,0.600,0.050,0.200,0.350,0.150,-0.001,3.142,0.000,0.000,0.000,IDLE,1
50.040,MANUAL,0.000,0.000,0.600,0.050,0.200,0.350,0.150,-0.001,3.142,0.000,0.000,0.000,IDLE,1
50.048,MANUAL,0.000,0.000,0.600,0.050,0.200,0.350,0.150,-0.001,3.142,0.000,0.000,0.000,IDLE,1
50.056,MANUAL,0.000,0.000,0.600,0.050,0.200,0.350,0.150,-0.001,3.142,0.000,0.000,0.000,IDLE,1
50.064,MANUAL,0.000,0.000,0.600,0.050,0.200,0.350,0.150,-0.001,3.142,0.000,0.000,0.000,IDLE,1
50.072,MANUAL,0.000,0.000,0.600,0.050,0.200,0.350,0.150,-0.001,3.142,0.000,0.000,0.000,IDLE,1
50.080,MANUAL,0.000,0.000,0.600,0.050,0.200,0.350,0.150,-0.001,3.142,0.000,0.000,0.000,IDLE,1
50.088,MANUAL,0.000,0.000,0.600,0.050,0.200,0.350,0.150,-0.001,3.142,0.000,0.000,0.000,IDLE,1
50.096,MANUAL,0.000,0.000,0.600,0.050,0.200,0.350,0.150,-0.001,3.142,0.000,0.000,0.000,IDLE,1
50.104,MANUAL,0.000,0.000,0.600,0.050,0.200,0.350,0.150,-0.001,3.142,0.000,0.000,0.000,IDLE,1
50.112,MANUAL,0.000,0.000,0.600,0.050,0.200,0.350,0.150,-0.001,3.142,0.000,0.000,0.000,IDLE,1
50.120,MANUAL,0.000,0.000,0.600,0.050,0.200,0.350,0.150,-0.001,3.142,0.000,0.000,0.000,IDLE,1
50.128,MANUAL,0.000,0.000,0.600,0.050,0.200,0.350,0.150,-0.001,3.142,0.000,0.000,0.000,IDLE,1
50.136,MANUAL,0.000,0.000,0.600,0.050,0.200,0.350,0.150,-0.001,3.142,0.000,0.000,0.000,IDLE,1
50.144,MANUAL,0.000,0.000,0.600,0.050,0.200,0.350,0.150,-0.001,3.142,0.000,0.000,0.000,IDLE,1
50.152,MANUAL,0.000,0.000,0.600,0.050,0.200,0.350,0.150,-0.001,3.142,0.000,0.000,0.000,IDLE,1
50.160,MANUAL,0.000,0.000,0.600,0.050,0.200,0.350,0.150,-0.001,3.142,0.000,0.000,0.000,IDLE,1
50.168,MANUAL,0.000,0.000,0.600,0.050,0.200,0.350,0.150,-0.001,3.142,0.000,0.000,0.000,IDLE,1
50.176,MANUAL,0.000,0.000,0.600,0.050,0.200,0.350,0.150,-0.001,3.142,0.000,0.000,0.000,IDLE,1
50.184,MANUAL,0.000,0.000,0.600,0.050,0.200,0.350,0.150,-0.001,3.142,0.000,0.000,0.000,IDLE,1
50.192,MANUAL,0.000,0.000,0.600,0.050,0.200,0.350,0.150,-0.001,3.142,0.000,0.000,0.000,IDLE,1
50.200,MANUAL,0.000,0.000,0.600,0.050,0.200,0.350,0.150,-0.001,3.142,0.000,0.000,0.000,IDLE,1
50.208,MANUAL,0.000,0.000,0.600,0.050,0.200,0.350,0.150,-0.001,3.142,0.000,0.000,0.000,IDLE,1
50.216,MANUAL,0.000,0.000,0.600,0.050,0.200,0.350,0.150,-0.001,3.142,0.000,0.000,0.000,IDLE,1
50.224,MANUAL,0.000,0.000,0.600,0.050,0.200,0.350,0.150,-0.001,3.142,0.000,0.000,0.000,IDLE,1
50.232,MANUAL,0.000,0.000,0.600,0.050,0.200,0.350,0.150,-0.001,3.142,0.000,0.000,0.000,IDLE,1
50.240,MANUAL,0.000,0.000,0.600,0.050,0.200,0.350,0.150,-0.001,3.142,0.000,0.000,0.000,IDLE,1
50.248,MANUAL,0.000,0.000,0.600,0.050,0.200,0.350,0.150,-0.001,3.142,0.000,0.000,0.000,IDLE,1
50.256,MANUAL,0.000,0.000,0.600,0.050,0.200,0.350,0.150,-0.001,3.142,0.000,0.000,0.000,IDLE,1
50.264,MANUAL,0.000,0.000,0.600,0.050,0.200,0.350,0.150,-0.001,3.142,0.000,0.000,0.000,IDLE,1
50.272,MANUAL,0.000,0.000,0.600,0.050,0.200,0.350,0.150,-0.001,3.142,0.000,0.000,0.000,IDLE,1
50.280,MANUAL,0.000,0.000,0.600,0.050,0.200,0.350,0.150,-0.001,3.142,0.000,0.000,0.000,IDLE,1
50.288,MANUAL,0.000,0.000,0.600,0.050,0.200,0.350,0.150,-0.001,3.142,0.000,0.000,0.000,IDLE,1
50.296,MANUAL,0.000,0.000,0.600,0.050,0.200,0.350,0.150,-0.001,3.142,0.000,0.000,0.000,IDLE,1
50.304,MANUAL,0.000,0.000,0.600,0.050,0.200,0.350,0.150,-0.001,3.142,0.000,0.000,0.000,IDLE,1
50.312,MANUAL,0.000,0.000,0.600,0.050,0.200,0.350,0.150,-0.001,3.142,0.000,0.000,0.000,IDLE,1
50.320,MANUAL,0.000,0.000,0.600,0.050,0.200,0.350,0.150,-0.001,3.142,0.000,0.000,0.000,IDLE,1
50.328,MANUAL,0.000,0.000,0.600,0.050,0.200,0.350,0.150,-0.001,3.142,0.000,0.000,0.000,IDLE,1
50.336,MANUAL,0.000,0.000,0.600,0.050,0.200,0.350,0.150,-0.001,3.142,0.000,0.000,0.000,IDLE,1
50.344,MANUAL,0.000,0.000,0.600,0.050,0.200,0.350,0.150,-0.001,3.142,0.000,0.000,0.000,IDLE,1
50.352,MANUAL,0.000,0.000,0.600,0.050,0.200,0.350,0.150,-0.001,3.142,0.000,0.000,0.000,IDLE,1
50.360,MANUAL,0.000,0.000,0.600,0.050,0.200,0.350,0.150,-0.001,3.142,0.000,0.000,0.000,IDLE,1
50.368,MANUAL,0.000,0.000,0.600,0.050,0.200,0.350,0.150,-0.001,3.142,0.000,0.000,0.000,IDLE,1
50.376,MANUAL,0.000,0.000,0.600,0.050,0.200,0.350,0.150,-0.001,3.142,0.000,0.000,0.000,IDLE,1
50.384,MANUAL,0.000,0.000,0.600,0.050,0.200,0.350,0.150,-0.001,3.142,0.000,0.000,0.000,IDLE,1
50.392,MANUAL,0.000,0.000,0.600,0.050,0.200,0.350,0.150,-0.001,3.142,0.000,0.000,0.000,IDLE,1
50.400,MANUAL,0.000,0.000,0.600,0.050,0.200,0.350,0.150,-0.001,3.142,0.000,0.000,0.000,IDLE,1
50.408,MANUAL,0.000,0.000,0.600,0.050,0.200,0.350,0.150,-0.001,3.142,0.000,0.000,0.000,IDLE,1
50.416,MANUAL,0.000,0.000,0.600,0.050,0.200,0.350,0.150,-0.001,3.142,0.000,0.000,0.000,IDLE,1
50.424,MANUAL,0.000,0.000,0.600,0.050,0.200,0.350,0.150,-0.001,3.142,0.000,0.000,0.000,IDLE,1
50.432,MANUAL,0.000,0.000,0.600,0.050,0.200,0.350,0.150,-0.001,3.142,0.000,0.000,0.000,IDLE,1
50.440,MANUAL,0.000,0.000,0.600,0.050,0.200,0.350,0.150,-0.001,3.142,0.000,0.000,0.000,IDLE,1
50.448,MANUAL,0.000,0.000,0.600,0.050,0.200,0.350,0.150,-0.001,3.142,0.000,0.000,0.000,IDLE,1
50.456,MANUAL,0.000,0.000,0.600,0.050,0.200,0.350,0.150,-0.001,3.142,0.000,0.000,0.000,IDLE,1
50.464,MANUAL,0.000,0.000,0.600,0.050,0.200,0.350,0.150,-0.001,3.142,0.000,0.000,0.000,IDLE,1
50.472,MANUAL,0.000,0.000,0.600,0.050,0.200,0.350,0.150,-0.001,3.142,0.000,0.000,0.000,IDLE,1
50.480,MANUAL,0.000,0.000,0.600,0.050,0.200,0.350,0.150,-0.001,3.142,0.000,0.000,0.000,IDLE,1
50.488,MANUAL,0.000,0.000,0.600,0.050,0.200,0.350,0.150,-0.001,3.142,0.000,0.000,0.000,IDLE,1
50.496,MANUAL,0.000,0.000,0.600,0.050,0.200,0.350,0.150,-0.001,3.142,0.000,0.000,0.000,IDLE,1
50.504,MANUAL,0.000,0.000,0.600,0.050,0.200,0.350,0.150,-0.001,3.142,0.000,0.000,0.000,IDLE,1
50.512,MANUAL,0.000,0.000,0.600,0.050,0.200,0.350,0.150,-0.001,3.142,0.000,0.000,0.000,IDLE,1
50.520,MANUAL,0.000,0.000,0.600,0.050,0.200,0.350,0.150,-0.001,3.142,0.000,0.000,0.000,IDLE,1
50.528,MANUAL,0.000,0.000,0.600,0.050,0.200,0.350,0.150,-0.001,3.142,0.000,0.000,0.000,IDLE,1
50.536,MANUAL,0.000,0.000,0.600,0.050,0.200,0.350,0.150,-0.001,3.142,0.000,0.000,0.000,IDLE,1
50.544,MANUAL,0.000,0.000,0.600,0.050,0.200,0.350,0.150,-0.001,3.142,0.000,0.000,0.000,IDLE,1
50.552,MANUAL,0.000,0.000,0.600,0.050,0.200,0.350,0.150,-0.001,3.142,0.000,0.000,0.000,IDLE,1
50.560,MANUAL,0.000,0.000,0.600,0.050,0.200,0.350,0.150,-0.001,3.142,0.000,0.000,0.000,IDLE,1
50.568,MANUAL,0.000,0.000,0.600,0.050,0.200,0.350,0.150,-0.001,3.142,0.000,0.000,0.000,IDLE,1
50.576,MANUAL,0.000,0.000,0.600,0.050,0.200,0.350,0.150,-0.001,3.142,0.000,0.000,0.000,IDLE,1
50.584,MANUAL,0.000,0.000,0.600,0.050,0.200,0.350,0.150,-0.001,3.142,0.000,0.000,0.000,IDLE,1
50.592,MANUAL,0.000,0.000,0.600,0.050,0.200,0.350,0.150,-0.001,3.142,0.000,0.000,0.000,IDLE,1
50.600,MANUAL,0.000,0.000,0.600,0.050,0.200,0.350,0.150,-0.001,3.142,0.000,0.000,0.000,IDLE,1
50.608,MANUAL,0.000,0.000,0.600,0.050,0.200,0.350,0.150,-0.001,3.142,0.000,0.000,0.000,IDLE,1
50.616,MANUAL,0.000,0.000,0.600,0.050,0.200,0.350,0.150,-0.001,3.142,0.000,0.000,0.000,IDLE,1
50.624,MANUAL,0.000,0.000,0.600,0.050,0.200,0.350,0.150,-0.001,3.142,0.000,0.000,0.000,IDLE,1
50.632,MANUAL,0.000,0.000,0.600,0.050,0.200,0.350,0.150,-0.001,3.142,0.000,0.000,0.000,IDLE,1
50.640,MANUAL,0.000,0.000,0.600,0.050,0.200,0.350,0.150,-0.001,3.142,0.000,0.000,0.000,IDLE,1
50.648,MANUAL,0.000,0.000,0.600,0.050,0.200,0.350,0.150,-0.001,3.142,0.000,0.000,0.000,IDLE,1
50.656,MANUAL,0.000,0.000,0.600,0.050,0.200,0.350,0.150,-0.001,3.142,0.000,0.000,0.000,IDLE,1
50.664,MANUAL,0.000,0.000,0.600,0.050,0.200,0.350,0.150,-0.001,3.142,0.000,0.000,0.000,IDLE,1
50.672,MANUAL,0.000,0.000,0.600,0.050,0.200,0.350,0.150,-0.001,3.142,0.000,0.000,0.000,IDLE,1
50.680,MANUAL,0.000,0.000,0.600,0.050,0.200,0.350,0.150,-0.001,3.142,0.000,0.000,0.000,IDLE,1
50.688,MANUAL,0.000,0.000,0.600,0.050,0.200,0.350,0.150,-0.001,3.142,0.000,0.000,0.000,IDLE,1
50.696,MANUAL,0.000,0.000,0.600,0.050,0.200,0.350,0.150,-0.001,3.142,0.000,0.000,0.000,IDLE,1
50.704,MANUAL,0.000,0.000,0.600,0.050,0.200,0.350,0.150,-0.001,3.142,0.000,0.000,0.000,IDLE,1
50.712,MANUAL,0.000,0.000,0.600,0.050,0.200,0.350,0.150,-0.001,3.142,0.000,0.000,0.000,IDLE,1
50.720,MANUAL,0.000,0.000,0.600,0.050,0.200,0.350,0.150,-0.001,3.142,0.000,0.000,0.000,IDLE,1
50.728,MANUAL,0.000,0.000,0.600,0.050,0.200,0.350,0.150,-0.001,3.142,0.000,0.000,0.000,IDLE,1
50.736,MANUAL,0.000,0.000,0.600,0.050,0.200,0.350,0.150,-0.001,3.142,0.000,0.000,0.000,IDLE,1
50.744,MANUAL,0.000,0.000,0.600,0.050,0.200,0.350,0.150,-0.001,3.142,0.000,0.000,0.000,IDLE,1
50.752,MANUAL,0.000,0.000,0.600,0.050,0.200,0.350,0.150,-0.001,3.142,-0.000,0.000,0.000,IDLE,1
50.760,MANUAL,0.000,0.000,0.600,0.050,0.200,0.350,0.150,-0.001,3.142,0.000,0.000,0.000,IDLE,1
50.768,MANUAL,0.000,0.000,0.600,0.050,0.200,0.350,0.150,-0.001,3.142,0.000,0.000,0.000,IDLE,1
50.776,MANUAL,0.000,0.000,0.600,0.050,0.200,0.350,0.150,-0.001,3.142,0.000,0.000,0.000,IDLE,1
50.784,MANUAL,0.000,0.000,0.600,0.050,0.200,0.350,0.150,-0.001,3.142,0.000,0.000,0.000,IDLE,1
50.792,MANUAL,0.000,0.000,0.600,0.050,0.200,0.350,0.150,-0.001,3.142,0.000,0.000,0.000,IDLE,1
50.800,MANUAL,0.000,0.000,0.600,0.050,0.200,0.350,0.150,-0.001,3.142,0.000,0.000,0.000,IDLE,1
50.808,MANUAL,0.000,0.000,0.600,0.050,0.200,0.350,0.150,-0.001,3.142,0.000,0.000,0.000,IDLE,1
50.816,MANUAL,0.000,0.000,0.600,0.050,0.200,0.350,0.150,-0.001,3.142,0.000,0.000,0.000,IDLE,1
50.824,MANUAL,0.000,0.000,0.600,0.050,0.200,0.350,0.150,-0.001,3.142,0.000,0.000,0.000,IDLE,1
50.832,MANUAL,0.000,0.000,0.600,0.050,0.200,0.350,0.150,-0.001,3.142,0.000,0.000,0.000,IDLE,1
50.840,MANUAL,0.000,0.000,0.600,0.050,0.200,0.350,0.150,-0.001,3.142,0.000,0.000,0.000,IDLE,1
50.848,MANUAL,0.000,0.000,0.600,0.050,0.200,0.350,0.150,-0.001,3.142,0.000,0.000,0.000,IDLE,1
50.856,MANUAL,0.000,0.000,0.600,0.050,0.200,0.350,0.150,-0.001,3.142,0.000,0.000,0.000,IDLE,1
50.864,MANUAL,0.000,0.000,0.600,0.050,0.200,0.350,0.150,-0.001,3.142,0.000,0.000,0.000,IDLE,1
50.872,MANUAL,0.000,0.000,0.600,0.050,0.200,0.350,0.150,-0.001,3.142,0.000,0.000,0.000,IDLE,1
50.880,MANUAL,0.000,0.000,0.600,0.050,0.200,0.350,0.150,-0.001,3.142,0.000,0.000,0.000,IDLE,1
50.888,MANUAL,0.000,0.000,0.600,0.050,0.200,0.350,0.150,-0.001,3.142,0.000,0.000,0.000,IDLE,1
50.896,MANUAL,0.000,0.000,0.600,0.050,0.200,0.350,0.150,-0.001,3.142,0.000,0.000,0.000,IDLE,1
50.904,MANUAL,0.000,0.000,0.600,0.050,0.200,0.350,0.150,-0.001,3.142,0.000,0.000,0.000,IDLE,1
50.912,MANUAL,0.000,0.000,0.600,0.050,0.200,0.350,0.150,-0.001,3.142,0.000,0.000,0.000,IDLE,1
50.920,MANUAL,0.000,0.000,0.600,0.050,0.200,0.350,0.150,-0.001,3.142,0.000,0.000,0.000,IDLE,1
50.928,MANUAL,0.000,0.000,0.600,0.050,0.200,0.350,0.150,-0.001,3.142,0.000,0.000,0.000,IDLE,1
50.936,MANUAL,0.000,0.000,0.600,0.050,0.200,0.350,0.150,-0.001,3.142,0.000,0.000,0.000,IDLE,1
50.944,MANUAL,0.000,0.000,0.600,0.050,0.200,0.350,0.150,-0.001,3.142,0.000,0.000,0.000,IDLE,1
50.952,MANUAL,0.000,0.000,0.600,0.050,0.200,0.350,0.150,-0.001,3.142,-0.000,0.000,0.000,IDLE,1
50.960,MANUAL,0.000,0.000,0.600,0.050,0.200,0.350,0.150,-0.001,3.142,0.000,0.000,0.000,IDLE,1
50.968,MANUAL,0.000,0.000,0.600,0.050,0.200,0.350,0.150,-0.001,3.142,0.000,0.000,0.000,IDLE,1
50.976,MANUAL,0.000,0.000,0.600,0.050,0.200,0.350,0.150,-0.001,3.142,-0.000,0.000,0.000,IDLE,1
50.984,MANUAL,0.000,0.000,0.600,0.050,0.200,0.350,0.150,-0.001,3.142,0.000,0.000,0.000,IDLE,1
50.992,MANUAL,0.000,0.000,0.600,0.050,0.200,0.350,0.150,-0.001,3.142,-0.000,0.000,0.000,IDLE,1
51.000,MANUAL,0.000,0.000,0.600,0.050,0.200,0.350,0.150,-0.001,3.142,0.000,0.000,0.000,IDLE,1
51.008,MANUAL,0.000,0.000,0.600,0.050,0.200,0.350,0.150,-0.001,3.142,0.000,0.000,0.000,IDLE,1
51.016,MANUAL,0.000,0.000,0.600,0.050,0.200,0.350,0.150,-0.001,3.142,0.000,0.000,0.000,IDLE,1
51.024,MANUAL,0.000,0.000,0.600,0.050,0.200,0.350,0.150,-0.001,3.142,0.000,0.000,0.000,IDLE,1
51.032,MANUAL,0.000,0.000,0.600,0.050,0.200,0.350,0.150,-0.001,3.142,0.000,0.000,0.000,IDLE,1
51.040,MANUAL,0.000,0.000,0.600,0.050,0.200,0.350,0.150,-0.001,3.142,0.000,0.000,0.000,IDLE,1
51.048,MANUAL,0.000,0.000,0.600,0.050,0.200,0.350,0.150,-0.001,3.142,0.000,0.000,0.000,IDLE,1
51.056,MANUAL,0.000,0.000,0.600,0.050,0.200,0.350,0.150,-0.001,3.142,0.000,0.000,0.000,IDLE,1
51.064,MANUAL,0.000,0.000,0.600,0.050,0.200,0.350,0.150,-0.001,3.142,0.000,0.000,0.000,IDLE,1
51.072,MANUAL,0.000,0.000,0.600,0.050,0.200,0.350,0.150,-0.001,3.142,0.000,0.000,0.000,IDLE,1
51.080,MANUAL,0.000,0.000,0.600,0.050,0.200,0.350,0.150,-0.001,3.142,0.000,0.000,0.000,IDLE,1
51.088,MANUAL,0.000,0.000,0.600,0.050,0.200,0.350,0.150,-0.001,3.142,0.000,0.000,0.000,IDLE,1
51.096,MANUAL,0.000,0.000,0.600,0.050,0.200,0.350,0.150,-0.001,3.142,-0.000,0.000,0.000,IDLE,1
51.104,MANUAL,0.000,0.000,0.600,0.050,0.200,0.350,0.150,-0.001,3.142,0.000,0.000,0.000,IDLE,1
51.112,MANUAL,0.000,0.000,0.600,0.050,0.200,0.350,0.150,-0.001,3.142,0.000,0.000,0.000,IDLE,1
51.120,MANUAL,0.000,0.000,0.600,0.050,0.200,0.350,0.150,-0.001,3.142,0.000,0.000,0.000,IDLE,1
51.128,MANUAL,0.000,0.000,0.600,0.050,0.200,0.350,0.150,-0.001,3.142,-0.000,0.000,0.000,IDLE,1
51.136,MANUAL,0.000,0.000,0.600,0.050,0.200,0.350,0.150,-0.001,3.142,0.000,0.000,0.000,IDLE,1
51.144,MANUAL,0.000,0.000,0.600,0.050,0.200,0.350,0.150,-0.001,3.142,0.000,0.000,0.000,IDLE,1
51.152,MANUAL,0.000,0.000,0.600,0.050,0.200,0.350,0.150,-0.001,3.142,-0.000,0.000,0.000,IDLE,1
51.160,MANUAL,0.000,0.000,0.600,0.050,0.200,0.350,0.150,-0.001,3.142,0.000,0.000,0.000,IDLE,1
51.168,MANUAL,0.000,0.000,0.600,0.050,0.200,0.350,0.150,-0.001,3.142,0.000,0.000,0.000,IDLE,1
51.176,MANUAL,0.000,0.000,0.600,0.050,0.200,0.350,0.150,-0.001,3.142,0.000,0.000,0.000,IDLE,1
51.184,MANUAL,0.000,0.000,0.600,0.050,0.200,0.350,0.150,-0.001,3.142,-0.000,0.000,0.000,IDLE,1
51.192,MANUAL,0.000,0.000,0.600,0.050,0.200,0.350,0.150,-0.001,3.142,0.000,0.000,0.000,IDLE,1
51.200,MANUAL,0.000,0.000,0.600,0.050,0.200,0.350,0.150,-0.001,3.142,0.000,0.000,0.000,IDLE,1
51.208,MANUAL,0.000,0.000,0.600,0.050,0.200,0.350,0.150,-0.001,3.142,0.000,0.000,0.000,IDLE,1
51.216,MANUAL,0.000,0.000,0.600,0.050,0.200,0.350,0.150,-0.001,3.142,-0.000,0.000,0.000,IDLE,1
51.224,MANUAL,0.000,0.000,0.600,0.050,0.200,0.350,0.150,-0.001,3.142,-0.000,0.000,0.000,IDLE,1
51.232,MANUAL,0.000,0.000,0.600,0.050,0.200,0.350,0.150,-0.001,3.142,0.000,0.000,0.000,IDLE,1
51.240,MANUAL,0.000,0.000,0.600,0.050,0.200,0.350,0.150,-0.001,3.142,-0.000,0.000,0.000,IDLE,1
51.248,MANUAL,0.000,0.000,0.600,0.050,0.200,0.350,0.150,-0.001,3.142,-0.000,0.000,0.000,IDLE,1
51.256,MANUAL,0.000,0.000,0.600,0.050,0.200,0.350,0.150,-0.001,3.142,0.000,0.000,0.000,IDLE,1
51.264,MANUAL,0.000,0.000,0.600,0.050,0.200,0.350,0.150,-0.001,3.142,-0.000,0.000,0.000,IDLE,1
51.272,MANUAL,0.000,0.000,0.600,0.050,0.200,0.350,0.150,-0.001,3.142,0.000,0.000,0.000,IDLE,1
51.280,MANUAL,0.000,0.000,0.600,0.050,0.200,0.350,0.150,-0.001,3.142,0.000,0.000,0.000,IDLE,1
51.288,MANUAL,0.000,0.000,0.600,0.050,0.200,0.350,0.150,-0.001,3.142,-0.000,0.000,0.000,IDLE,1
51.296,MANUAL,0.000,0.000,0.600,0.050,0.200,0.350,0.150,-0.001,3.142,0.000,0.000,0.000,IDLE,1
51.304,MANUAL,0.000,0.000,0.600,0.050,0.200,0.350,0.150,-0.001,3.142,0.000,0.000,0.000,IDLE,1
51.312,MANUAL,0.000,0.000,0.600,0.050,0.200,0.350,0.150,-0.001,3.142,-0.000,0.000,0.000,IDLE,1
51.320,MANUAL,0.000,0.000,0.600,0.050,0.200,0.350,0.150,-0.001,3.142,0.000,0.000,0.000,IDLE,1
51.328,MANUAL,0.000,0.000,0.600,0.050,0.200,0.350,0.150,-0.001,3.142,-0.000,0.000,0.000,IDLE,1
51.336,MANUAL,0.000,0.000,0.600,0.050,0.200,0.350,0.150,-0.001,3.142,0.000,0.000,0.000,IDLE,1
51.344,MANUAL,0.000,0.000,0.600,0.050,0.200,0.350,0.150,-0.001,3.142,0.000,0.000,0.000,IDLE,1
51.352,MANUAL,0.000,0.000,0.600,0.050,0.200,0.350,0.150,-0.001,3.142,-0.000,0.000,0.000,IDLE,1
51.360,MANUAL,0.000,0.000,0.600,0.050,0.200,0.350,0.150,-0.001,3.142,0.000,0.000,0.000,IDLE,1
51.368,MANUAL,0.000,0.000,0.600,0.050,0.200,0.350,0.150,-0.001,3.142,0.000,0.000,0.000,IDLE,1
51.376,MANUAL,0.000,0.000,0.600,0.050,0.200,0.350,0.150,-0.001,3.142,-0.000,0.000,0.000,IDLE,1
51.384,MANUAL,0.000,0.000,0.600,0.050,0.200,0.350,0.150,-0.001,3.142,0.000,0.000,0.000,IDLE,1
51.392,MANUAL,0.000,0.000,0.600,0.050,0.200,0.350,0.150,-0.001,3.142,-0.000,0.000,0.000,IDLE,1
51.400,MANUAL,0.000,0.000,0.600,0.050,0.200,0.350,0.150,-0.001,3.142,-0.000,0.000,0.000,IDLE,1
51.408,MANUAL,0.000,0.000,0.600,0.050,0.200,0.350,0.150,-0.001,3.142,0.000,0.000,0.000,IDLE,1
51.416,MANUAL,0.000,0.000,0.600,0.050,0.200,0.350,0.150,-0.001,3.142,-0.000,0.000,0.000,IDLE,1
51.424,MANUAL,0.000,0.000,0.600,0.050,0.200,0.350,0.150,-0.001,3.142,0.000,0.000,0.000,IDLE,1
51.432,MANUAL,0.000,0.000,0.600,0.050,0.200,0.350,0.150,-0.001,3.142,-0.000,0.000,0.000,IDLE,1
51.440,MANUAL,0.000,0.000,0.600,0.050,0.200,0.350,0.150,-0.001,3.142,0.000,0.000,0.000,IDLE,1
51.448,MANUAL,0.000,0.000,0.600,0.050,0.200,0.350,0.150,-0.001,3.142,0.000,0.000,0.000,IDLE,1
51.456,MANUAL,0.000,0.000,0.600,0.050,0.200,0.350,0.150,-0.001,3.142,-0.000,0.000,0.000,IDLE,1
51.464,MANUAL,0.000,0.000,0.600,0.050,0.200,0.350,0.150,-0.001,3.142,0.000,0.000,0.000,IDLE,1
51.472,MANUAL,0.000,0.000,0.600,0.050,0.200,0.350,0.150,-0.001,3.142,-0.000,0.000,0.000,IDLE,1
51.480,MANUAL,0.000,0.000,0.600,0.050,0.200,0.350,0.150,-0.001,3.142,0.000,0.000,0.000,IDLE,1
51.488,MANUAL,0.000,0.000,0.600,0.050,0.200,0.350,0.150,-0.001,3.142,0.000,0.000,0.000,IDLE,1
51.496,MANUAL,0.000,0.000,0.600,0.050,0.200,0.350,0.150,-0.001,3.142,-0.000,0.000,0.000,IDLE,1
51.504,MANUAL,0.000,0.000,0.600,0.050,0.200,0.350,0.150,-0.001,3.142,0.000,0.000,0.000,IDLE,1
51.512,MANUAL,0.000,0.000,0.600,0.050,0.200,0.350,0.150,-0.001,3.142,-0.000,0.000,0.000,IDLE,1
51.520,MANUAL,0.000,0.000,0.600,0.050,0.200,0.350,0.150,-0.001,3.142,0.000,0.000,0.000,IDLE,1
51.528,MANUAL,0.000,0.000,0.600,0.050,0.200,0.350,0.150,-0.001,3.142,-0.000,0.000,0.000,IDLE,1
51.536,MANUAL,0.000,0.000,0.600,0.050,0.200,0.350,0.150,-0.001,3.142,0.000,0.000,0.000,IDLE,1
51.544,MANUAL,0.000,0.000,0.600,0.050,0.200,0.350,0.150,-0.001,3.142,-0.000,0.000,0.000,IDLE,1
51.552,MANUAL,0.000,0.000,0.600,0.050,0.200,0.350,0.150,-0.001,3.142,-0.000,0.000,0.000,IDLE,1
51.560,MANUAL,0.000,0.000,0.600,0.050,0.200,0.350,0.150,-0.001,3.142,0.000,0.000,0.000,IDLE,1
51.568,MANUAL,0.000,0.000,0.600,0.050,0.200,0.350,0.150,-0.001,3.142,0.000,0.000,0.000,IDLE,1
51.576,MANUAL,0.000,0.000,0.600,0.050,0.200,0.350,0.150,-0.001,3.142,0.000,0.000,0.000,IDLE,1
51.584,MANUAL,0.000,0.000,0.600,0.050,0.200,0.350,0.150,-0.001,3.142,-0.000,0.000,0.000,IDLE,1
51.592,MANUAL,0.000,0.000,0.600,0.050,0.200,0.350,0.150,-0.001,3.142,0.000,0.000,0.000,IDLE,1
51.600,MANUAL,0.000,0.000,0.600,0.050,0.200,0.350,0.150,-0.001,3.142,-0.000,0.000,0.000,IDLE,1
51.608,MANUAL,0.000,0.000,0.600,0.050,0.200,0.350,0.150,-0.001,3.142,0.000,0.000,0.000,IDLE,1
51.616,MANUAL,0.000,0.000,0.600,0.050,0.200,0.350,0.150,-0.001,3.142,-0.000,0.000,0.000,IDLE,1
51.624,MANUAL,0.000,0.000,0.600,0.050,0.200,0.350,0.150,-0.001,3.142,0.000,0.000,0.000,IDLE,1
51.632,MANUAL,0.000,0.000,0.600,0.050,0.200,0.350,0.150,-0.001,3.142,-0.000,0.000,0.000,IDLE,1
51.640,MANUAL,0.000,0.000,0.600,0.050,0.200,0.350,0.150,-0.001,3.142,0.000,0.000,0.000,IDLE,1
51.648,MANUAL,0.000,0.000,0.600,0.050,0.200,0.350,0.150,-0.001,3.142,-0.000,0.000,0.000,IDLE,1
51.656,MANUAL,0.000,0.000,0.600,0.050,0.200,0.350,0.150,-0.001,3.142,0.000,0.000,0.000,IDLE,1
51.664,MANUAL,0.000,0.000,0.600,0.050,0.200,0.350,0.150,-0.001,3.142,-0.000,0.000,0.000,IDLE,1
51.672,MANUAL,0.000,0.000,0.600,0.050,0.200,0.350,0.150,-0.001,3.142,0.000,0.000,0.000,IDLE,1
51.680,MANUAL,0.000,0.000,0.600,0.050,0.200,0.350,0.150,-0.001,3.142,-0.000,0.000,0.000,IDLE,1
51.688,MANUAL,0.000,0.000,0.600,0.050,0.200,0.350,0.150,-0.001,3.142,0.000,0.000,0.000,IDLE,1
51.696,MANUAL,0.000,0.000,0.600,0.050,0.200,0.350,0.150,-0.001,3.142,-0.000,0.000,0.000,IDLE,1
51.704,MANUAL,0.000,0.000,0.600,0.050,0.200,0.350,0.150,-0.001,3.142,0.000,0.000,0.000,IDLE,1
51.712,MANUAL,0.000,0.000,0.600,0.050,0.200,0.350,0.150,-0.001,3.142,-0.000,0.000,0.000,IDLE,1
51.720,MANUAL,0.000,0.000,0.600,0.050,0.200,0.350,0.150,-0.001,3.142,0.000,0.000,0.000,IDLE,1
51.728,MANUAL,0.000,0.000,0.600,0.050,0.200,0.350,0.150,-0.001,3.142,-0.000,0.000,0.000,IDLE,1
51.736,MANUAL,0.000,0.000,0.600,0.050,0.200,0.350,0.150,-0.001,3.142,0.000,0.000,0.000,IDLE,1
51.744,MANUAL,0.000,0.000,0.600,0.050,0.200,0.350,0.150,-0.001,3.142,-0.000,0.000,0.000,IDLE,1
51.752,MANUAL,0.000,0.000,0.600,0.050,0.200,0.350,0.150,-0.001,3.142,0.000,0.000,0.000,IDLE,1
51.760,MANUAL,0.000,0.000,0.600,0.050,0.200,0.350,0.150,-0.001,3.142,-0.000,0.000,0.000,IDLE,1
51.768,MANUAL,0.000,0.000,0.600,0.050,0.200,0.350,0.150,-0.001,3.142,0.000,0.000,0.000,IDLE,1
51.776,MANUAL,0.000,0.000,0.600,0.050,0.200,0.350,0.150,-0.001,3.142,-0.000,0.000,0.000,IDLE,1
51.784,MANUAL,0.000,0.000,0.600,0.050,0.200,0.350,0.150,-0.001,3.142,0.000,0.000,0.000,IDLE,1
51.792,MANUAL,0.000,0.000,0.600,0.050,0.200,0.350,0.150,-0.001,3.142,-0.000,0.000,0.000,IDLE,1
51.800,MANUAL,0.000,0.000,0.600,0.050,0.200,0.350,0.150,-0.001,3.142,0.000,0.000,0.000,IDLE,1
51.808,MANUAL,0.000,0.000,0.600,0.050,0.200,0.350,0.150,-0.001,3.142,-0.000,0.000,0.000,IDLE,1
51.816,MANUAL,0.000,0.000,0.600,0.050,0.200,0.350,0.150,-0.001,3.142,0.000,0.000,0.000,IDLE,1
51.824,MANUAL,0.000,0.000,0.600,0.050,0.200,0.350,0.150,-0.001,3.142,-0.000,0.000,0.000,IDLE,1
51.832,MANUAL,0.000,0.000,0.600,0.050,0.200,0.350,0.150,-0.001,3.142,-0.000,0.000,0.000,IDLE,1
51.840,MANUAL,0.000,0.000,0.600,0.050,0.200,0.350,0.150,-0.001,3.142,0.000,0.000,0.000,IDLE,1
51.848,MANUAL,0.000,0.000,0.600,0.050,0.200,0.350,0.150,-0.001,3.142,0.000,0.000,0.000,IDLE,1
51.856,MANUAL,0.000,0.000,0.600,0.050,0.200,0.350,0.150,-0.001,3.142,0.000,0.000,0.000,IDLE,1
51.864,MANUAL,0.000,0.000,0.600,0.050,0.200,0.350,0.150,-0.001,3.142,-0.000,0.000,0.000,IDLE,1
51.872,MANUAL,0.000,0.000,0.600,0.050,0.200,0.350,0.150,-0.001,3.142,0.000,0.000,0.000,IDLE,1
51.880,MANUAL,0.000,0.000,0.600,0.050,0.200,0.350,0.150,-0.001,3.142,-0.000,0.000,0.000,IDLE,1
51.888,MANUAL,0.000,0.000,0.600,0.050,0.200,0.350,0.150,-0.001,3.142,0.000,0.000,0.000,IDLE,1
51.896,MANUAL,0.000,0.000,0.600,0.050,0.200,0.350,0.150,-0.001,3.142,-0.000,0.000,0.000,IDLE,1
51.904,MANUAL,0.000,0.000,0.600,0.050,0.200,0.350,0.150,-0.001,3.142,0.000,0.000,0.000,IDLE,1
51.912,MANUAL,0.000,0.000,0.600,0.050,0.200,0.350,0.150,-0.001,3.142,-0.000,0.000,0.000,IDLE,1
51.920,MANUAL,0.000,0.000,0.600,0.050,0.200,0.350,0.150,-0.001,3.142,0.000,0.000,0.000,IDLE,1
51.928,MANUAL,0.000,0.000,0.600,0.050,0.200,0.350,0.150,-0.001,3.142,0.000,0.000,0.000,IDLE,1
51.936,MANUAL,0.000,0.000,0.600,0.050,0.200,0.350,0.150,-0.001,3.142,-0.000,0.000,0.000,IDLE,1
51.944,MANUAL,0.000,0.000,0.600,0.050,0.200,0.350,0.150,-0.001,3.142,0.000,0.000,0.000,IDLE,1
51.952,MANUAL,0.000,0.000,0.600,0.050,0.200,0.350,0.150,-0.001,3.142,-0.000,0.000,0.000,IDLE,1
51.960,MANUAL,0.000,0.000,0.600,0.050,0.200,0.350,0.150,-0.001,3.142,0.000,0.000,0.000,IDLE,1
51.968,MANUAL,0.000,0.000,0.600,0.050,0.200,0.350,0.150,-0.001,3.142,0.000,0.000,0.000,IDLE,1
51.976,MANUAL,0.000,0.000,0.600,0.050,0.200,0.350,0.150,-0.001,3.142,0.000,0.000,0.000,IDLE,1
51.984,MANUAL,0.000,0.000,0.600,0.050,0.200,0.350,0.150,-0.001,3.142,0.000,0.000,0.000,IDLE,1
51.992,MANUAL,0.000,0.000,0.600,0.050,0.200,0.350,0.150,-0.001,3.142,-0.000,0.000,0.000,IDLE,1
52.000,MANUAL,0.000,0.000,0.600,0.050,0.200,0.350,0.150,-0.001,3.142,0.000,0.000,0.000,IDLE,1
52.008,MANUAL,0.000,0.000,0.600,0.050,0.200,0.350,0.150,-0.001,3.142,-0.000,0.000,0.000,IDLE,1
52.016,MANUAL,0.000,0.000,0.600,0.050,0.200,0.350,0.150,-0.001,3.142,0.000,0.000,0.000,IDLE,1
52.024,MANUAL,0.000,0.000,0.600,0.050,0.200,0.350,0.150,-0.001,3.142,0.000,0.000,0.000,IDLE,1
52.032,MANUAL,0.000,0.000,0.600,0.050,0.200,0.350,0.150,-0.001,3.142,-0.000,0.000,0.000,IDLE,1
52.040,MANUAL,0.000,0.000,0.600,0.050,0.200,0.350,0.150,-0.001,3.142,0.000,0.000,0.000,IDLE,1
52.048,MANUAL,0.000,0.000,0.600,0.050,0.200,0.350,0.150,-0.001,3.142,-0.000,0.000,0.000,IDLE,1
52.056,MANUAL,0.000,0.000,0.600,0.050,0.200,0.350,0.150,-0.001,3.142,0.000,0.000,0.000,IDLE,1
52.064,MANUAL,0.000,0.000,0.600,0.050,0.200,0.350,0.150,-0.001,3.142,0.000,0.000,0.000,IDLE,1
52.072,MANUAL,0.000,0.000,0.600,0.050,0.200,0.350,0.150,-0.001,3.142,-0.000,0.000,0.000,IDLE,1
52.080,MANUAL,0.000,0.000,0.600,0.050,0.200,0.350,0.150,-0.001,3.142,0.000,0.000,0.000,IDLE,1
52.088,MANUAL,0.000,0.000,0.600,0.050,0.200,0.350,0.150,-0.001,3.142,-0.000,0.000,0.000,IDLE,1
52.096,MANUAL,0.000,0.000,0.600,0.050,0.200,0.350,0.150,-0.001,3.142,0.000,0.000,0.000,IDLE,1
52.104,MANUAL,0.000,0.000,0.600,0.050,0.200,0.350,0.150,-0.001,3.142,0.000,0.000,0.000,IDLE,1
52.112,MANUAL,0.000,0.000,0.600,0.050,0.200,0.350,0.150,-0.001,3.142,-0.000,0.000,0.000,IDLE,1
52.120,MANUAL,0.000,0.000,0.600,0.050,0.200,0.350,0.150,-0.001,3.142,0.000,0.000,0.000,IDLE,1
52.128,MANUAL,0.000,0.000,0.600,0.050,0.200,0.350,0.150,-0.001,3.142,-0.000,0.000,0.000,IDLE,1
52.136,MANUAL,0.000,0.000,0.600,0.050,0.200,0.350,0.150,-0.001,3.142,0.000,0.000,0.000,IDLE,1
52.144,MANUAL,0.000,0.000,0.600,0.050,0.200,0.350,0.150,-0.001,3.142,0.000,0.000,0.000,IDLE,1
52.152,MANUAL,0.000,0.000,0.600,0.050,0.200,0.350,0.150,-0.001,3.142,-0.000,0.000,0.000,IDLE,1
52.160,MANUAL,0.000,0.000,0.600,0.050,0.200,0.350,0.150,-0.001,3.142,0.000,0.000,0.000,IDLE,1
52.168,MANUAL,0.000,0.000,0.600,0.050,0.200,0.350,0.150,-0.001,3.142,0.000,0.000,0.000,IDLE,1
52.176,MANUAL,0.000,0.000,0.600,0.050,0.200,0.350,0.150,-0.001,3.142,-0.000,0.000,0.000,IDLE,1
52.184,MANUAL,0.000,0.000,0.600,0.050,0.200,0.350,0.150,-0.001,3.142,0.000,0.000,0.000,IDLE,1
52.192,MANUAL,0.000,0.000,0.600,0.050,0.200,0.350,0.150,-0.001,3.142,0.000,0.000,0.000,IDLE,1
52.200,MANUAL,0.000,0.000,0.600,0.050,0.200,0.350,0.150,-0.001,3.142,0.000,0.000,0.000,IDLE,1
52.208,MANUAL,0.000,0.000,0.600,0.050,0.200,0.350,0.150,-0.001,3.142,0.000,0.000,0.000,IDLE,1
52.216,MANUAL,0.000,0.000,0.600,0.050,0.200,0.350,0.150,-0.001,3.142,-0.000,0.000,0.000,IDLE,1
52.224,MANUAL,0.000,0.000,0.600,0.050,0.200,0.350,0.150,-0.001,3.142,0.000,0.000,0.000,IDLE,1
52.232,MANUAL,0.000,0.000,0.600,0.050,0.200,0.350,0.150,-0.001,3.142,0.000,0.000,0.000,IDLE,1
52.240,MANUAL,0.000,0.000,0.600,0.050,0.200,0.350,0.150,-0.001,3.142,-0.000,0.000,0.000,IDLE,1
52.248,MANUAL,0.000,0.000,0.600,0.050,0.200,0.350,0.150,-0.001,3.142,0.000,0.000,0.000,IDLE,1
52.256,MANUAL,0.000,0.000,0.600,0.050,0.200,0.350,0.150,-0.001,3.142,0.000,0.000,0.000,IDLE,1
52.264,MANUAL,0.000,0.000,0.600,0.050,0.200,0.350,0.150,-0.001,3.142,-0.000,0.000,0.000,IDLE,1
52.272,MANUAL,0.000,0.000,0.600,0.050,0.200,0.350,0.150,-0.001,3.142,0.000,0.000,0.000,IDLE,1
52.280,MANUAL,0.000,0.000,0.600,0.050,0.200,0.350,0.150,-0.001,3.142,0.000,0.000,0.000,IDLE,1
52.288,MANUAL,0.000,0.000,0.600,0.050,0.200,0.350,0.150,-0.001,3.142,0.000,0.000,0.000,IDLE,1
52.296,MANUAL,0.000,0.000,0.600,0.050,0.200,0.350,0.150,-0.001,3.142,0.000,0.000,0.000,IDLE,1
52.304,MANUAL,0.000,0.000,0.600,0.050,0.200,0.350,0.150,-0.001,3.142,0.000,0.000,0.000,IDLE,1
52.312,MANUAL,0.000,0.000,0.600,0.050,0.200,0.350,0.150,-0.001,3.142,-0.000,0.000,0.000,IDLE,1
52.320,MANUAL,0.000,0.000,0.600,0.050,0.200,0.350,0.150,-0.001,3.142,0.000,0.000,0.000,IDLE,1
52.328,MANUAL,0.000,0.000,0.600,0.050,0.200,0.350,0.150,-0.001,3.142,-0.000,0.000,0.000,IDLE,1
52.336,MANUAL,0.000,0.000,0.600,0.050,0.200,0.350,0.150,-0.001,3.142,0.000,0.000,0.000,IDLE,1
52.344,MANUAL,0.000,0.000,0.600,0.050,0.200,0.350,0.150,-0.001,3.142,0.000,0.000,0.000,IDLE,1
52.352,MANUAL,0.000,0.000,0.600,0.050,0.200,0.350,0.150,-0.001,3.142,-0.000,0.000,0.000,IDLE,1
52.360,MANUAL,0.000,0.000,0.600,0.050,0.200,0.350,0.150,-0.001,3.142,0.000,0.000,0.000,IDLE,1
52.368,MANUAL,0.000,0.000,0.600,0.050,0.200,0.350,0.150,-0.001,3.142,0.000,0.000,0.000,IDLE,1
52.376,MANUAL,0.000,0.000,0.600,0.050,0.200,0.350,0.150,-0.001,3.142,-0.000,0.000,0.000,IDLE,1
52.384,MANUAL,0.000,0.000,0.600,0.050,0.200,0.350,0.150,-0.001,3.142,0.000,0.000,0.000,IDLE,1
52.392,MANUAL,0.000,0.000,0.600,0.050,0.200,0.350,0.150,-0.001,3.142,0.000,0.000,0.000,IDLE,1
52.400,MANUAL,0.000,0.000,0.600,0.050,0.200,0.350,0.150,-0.001,3.142,-0.000,0.000,0.000,IDLE,1
52.408,MANUAL,0.000,0.000,0.600,0.050,0.200,0.350,0.150,-0.001,3.142,0.000,0.000,0.000,IDLE,1
52.416,MANUAL,0.000,0.000,0.600,0.050,0.200,0.350,0.150,-0.001,3.142,0.000,0.000,0.000,IDLE,1
52.424,MANUAL,0.000,0.000,0.600,0.050,0.200,0.350,0.150,-0.001,3.142,-0.000,0.000,0.000,IDLE,1
52.432,MANUAL,0.000,0.000,0.600,0.050,0.200,0.350,0.150,-0.001,3.142,0.000,0.000,0.000,IDLE,1
52.440,MANUAL,0.000,0.000,0.600,0.050,0.200,0.350,0.150,-0.001,3.142,0.000,0.000,0.000,IDLE,1
52.448,MANUAL,0.000,0.000,0.600,0.050,0.200,0.350,0.150,-0.001,3.142,-0.000,0.000,0.000,IDLE,1
52.456,MANUAL,0.000,0.000,0.600,0.050,0.200,0.350,0.150,-0.001,3.142,0.000,0.000,0.000,IDLE,1
52.464,MANUAL,0.000,0.000,0.600,0.050,0.200,0.350,0.150,-0.001,3.142,0.000,0.000,0.000,IDLE,1
52.472,MANUAL,0.000,0.000,0.600,0.050,0.200,0.350,0.150,-0.001,3.142,0.000,0.000,0.000,IDLE,1
52.480,MANUAL,0.000,0.000,0.600,0.050,0.200,0.350,0.150,-0.001,3.142,0.000,0.000,0.000,IDLE,1
52.488,MANUAL,0.000,0.000,0.600,0.050,0.200,0.350,0.150,-0.001,3.142,0.000,0.000,0.000,IDLE,1
52.496,MANUAL,0.000,0.000,0.600,0.050,0.200,0.350,0.150,-0.001,3.142,0.000,0.000,0.000,IDLE,1
52.504,MANUAL,0.000,0.000,0.600,0.050,0.200,0.350,0.150,-0.001,3.142,-0.000,0.000,0.000,IDLE,1
52.512,MANUAL,0.000,0.000,0.600,0.050,0.200,0.350,0.150,-0.001,3.142,0.000,0.000,0.000,IDLE,1
52.520,MANUAL,0.000,0.000,0.600,0.050,0.200,0.350,0.150,-0.001,3.142,0.000,0.000,0.000,IDLE,1
52.528,MANUAL,0.000,0.000,0.600,0.050,0.200,0.350,0.150,-0.001,3.142,-0.000,0.000,0.000,IDLE,1
52.536,MANUAL,0.000,0.000,0.600,0.050,0.200,0.350,0.150,-0.001,3.142,0.000,0.000,0.000,IDLE,1
52.544,MANUAL,0.000,0.000,0.600,0.050,0.200,0.350,0.150,-0.001,3.142,0.000,0.000,0.000,IDLE,1
52.552,MANUAL,0.000,0.000,0.600,0.050,0.200,0.350,0.150,-0.001,3.142,-0.000,-0.000,0.000,IDLE,1
52.560,MANUAL,0.000,0.000,0.600,0.050,0.200,0.350,0.150,-0.001,3.142,0.000,0.000,0.000,IDLE,1
52.568,MANUAL,0.000,0.000,0.600,0.050,0.200,0.350,0.150,-0.001,3.142,0.000,0.000,0.000,IDLE,1
52.576,MANUAL,0.000,0.000,0.600,0.050,0.200,0.350,0.150,-0.001,3.142,0.000,0.000,0.000,IDLE,1
52.584,MANUAL,0.000,0.000,0.600,0.050,0.200,0.350,0.150,-0.001,3.142,0.000,0.000,0.000,IDLE,1
52.592,MANUAL,0.000,0.000,0.600,0.050,0.200,0.350,0.150,-0.001,3.142,-0.000,0.000,0.000,IDLE,1
52.600,MANUAL,0.000,0.000,0.600,0.050,0.200,0.350,0.150,-0.001,3.142,0.000,0.000,0.000,IDLE,1
52.608,MANUAL,0.000,0.000,0.600,0.050,0.200,0.350,0.150,-0.001,3.142,-0.000,0.000,0.000,IDLE,1
52.616,MANUAL,0.000,0.000,0.600,0.050,0.200,0.350,0.150,-0.001,3.142,0.000,0.000,0.000,IDLE,1
52.624,MANUAL,0.000,0.000,0.600,0.050,0.200,0.350,0.150,-0.001,3.142,0.000,0.000,0.000,IDLE,1
52.632,MANUAL,0.000,0.000,0.600,0.050,0.200,0.350,0.150,-0.001,3.142,-0.000,0.000,0.000,IDLE,1
52.640,MANUAL,0.000,0.000,0.600,0.050,0.200,0.350,0.150,-0.001,3.142,-0.000,0.000,0.000,IDLE,1
52.648,MANUAL,0.000,0.000,0.600,0.050,0.200,0.350,0.150,-0.001,3.142,0.000,0.000,0.000,IDLE,1
52.656,MANUAL,0.000,0.000,0.600,0.050,0.200,0.350,0.150,-0.001,3.142,0.000,0.000,0.000,IDLE,1
52.664,MANUAL,0.000,0.000,0.600,0.050,0.200,0.350,0.150,-0.001,3.142,-0.000,0.000,0.000,IDLE,1
52.672,MANUAL,0.000,0.000,0.600,0.050,0.200,0.350,0.150,-0.001,3.142,0.000,0.000,0.000,IDLE,1
52.680,MANUAL,0.000,0.000,0.600,0.050,0.200,0.350,0.150,-0.001,3.142,0.000,0.000,0.000,IDLE,1
52.688,MANUAL,0.000,0.000,0.600,0.050,0.200,0.350,0.150,-0.001,3.142,-0.000,0.000,0.000,IDLE,1
52.696,MANUAL,0.000,0.000,0.600,0.050,0.200,0.350,0.150,-0.001,3.142,0.000,-0.000,0.000,IDLE,1
52.704,MANUAL,0.000,0.000,0.600,0.050,0.200,0.350,0.150,-0.001,3.142,0.000,0.000,0.000,IDLE,1
52.712,MANUAL,0.000,0.000,0.600,0.050,0.200,0.350,0.150,-0.001,3.142,0.000,0.000,0.000,IDLE,1
52.720,MANUAL,0.000,0.000,0.600,0.050,0.200,0.350,0.150,-0.001,3.142,-0.000,0.000,0.000,IDLE,1
52.728,MANUAL,0.000,0.000,0.600,0.050,0.200,0.350,0.150,-0.001,3.142,0.000,0.000,0.000,IDLE,1
52.736,MANUAL,0.000,0.000,0.600,0.050,0.200,0.350,0.150,-0.001,3.142,-0.000,0.000,0.000,IDLE,1
52.744,MANUAL,0.000,0.000,0.600,0.050,0.200,0.350,0.150,-0.001,3.142,0.000,-0.000,0.000,IDLE,1
52.752,MANUAL,0.000,0.000,0.600,0.050,0.200,0.350,0.150,-0.001,3.142,0.000,-0.000,0.000,IDLE,1
52.760,MANUAL,0.000,0.000,0.600,0.050,0.200,0.350,0.150,-0.001,3.142,0.000,0.000,0.000,IDLE,1
52.768,MANUAL,0.000,0.000,0.600,0.050,0.200,0.350,0.150,-0.001,3.142,0.000,0.000,0.000,IDLE,1
52.776,MANUAL,0.000,0.000,0.600,0.050,0.200,0.350,0.150,-0.001,3.142,-0.000,0.000,0.000,IDLE,1
52.784,MANUAL,0.000,0.000,0.600,0.050,0.200,0.350,0.150,-0.001,3.142,-0.000,0.000,0.000,IDLE,1
52.792,MANUAL,0.000,0.000,0.600,0.050,0.200,0.350,0.150,-0.001,3.142,0.000,0.000,0.000,IDLE,1
52.800,MANUAL,0.000,0.000,0.600,0.050,0.200,0.350,0.150,-0.001,3.142,0.000,-0.000,0.000,IDLE,1
52.808,MANUAL,0.000,0.000,0.600,0.050,0.200,0.350,0.150,-0.001,3.142,-0.000,0.000,0.000,IDLE,1
52.816,MANUAL,0.000,0.000,0.600,0.050,0.200,0.350,0.150,-0.001,3.142,0.000,0.000,0.000,IDLE,1
52.824,MANUAL,0.000,0.000,0.600,0.050,0.200,0.350,0.150,-0.001,3.142,0.000,0.000,0.000,IDLE,1
52.832,MANUAL,0.000,0.000,0.600,0.050,0.200,0.350,0.150,-0.001,3.142,-0.000,-0.000,0.000,IDLE,1
52.840,MANUAL,0.000,0.000,0.600,0.050,0.200,0.350,0.150,-0.001,3.142,0.000,-0.000,0.000,IDLE,1
52.848,MANUAL,0.000,0.000,0.600,0.050,0.200,0.350,0.150,-0.001,3.142,0.000,0.000,0.000,IDLE,1
52.856,MANUAL,0.000,0.000,0.600,0.050,0.200,0.350,0.150,-0.001,3.142,0.000,0.000,0.000,IDLE,1
52.864,MANUAL,0.000,0.000,0.600,0.050,0.200,0.350,0.150,-0.001,3.142,0.000,0.000,0.000,IDLE,1
52.872,MANUAL,0.000,0.000,0.600,0.050,0.200,0.350,0.150,-0.001,3.142,0.000,0.000,0.000,IDLE,1
52.880,MANUAL,0.000,0.000,0.600,0.050,0.200,0.350,0.150,-0.001,3.142,-0.000,0.000,0.000,IDLE,1
52.888,MANUAL,0.000,0.000,0.600,0.050,0.200,0.350,0.150,-0.001,3.142,0.000,-0.000,0.000,IDLE,1
52.896,MANUAL,0.000,0.000,0.600,0.050,0.200,0.350,0.150,-0.001,3.142,-0.000,-0.000,0.000,IDLE,1
52.904,MANUAL,0.000,0.000,0.600,0.050,0.200,0.350,0.150,-0.001,3.142,0.000,0.000,0.000,IDLE,1
52.912,MANUAL,0.000,0.000,0.600,0.050,0.200,0.350,0.150,-0.001,3.142,0.000,0.000,0.000,IDLE,1
52.920,MANUAL,0.000,0.000,0.600,0.050,0.200,0.350,0.150,-0.001,3.142,0.000,0.000,0.000,IDLE,1
52.928,MANUAL,0.000,0.000,0.600,0.050,0.200,0.350,0.150,-0.001,3.142,-0.000,-0.000,0.000,IDLE,1
52.936,MANUAL,0.000,0.000,0.600,0.050,0.200,0.350,0.150,-0.001,3.142,0.000,-0.000,0.000,IDLE,1
52.944,MANUAL,0.000,0.000,0.600,0.050,0.200,0.350,0.150,-0.001,3.142,0.000,0.000,0.000,IDLE,1
52.952,MANUAL,0.000,0.000,0.600,0.050,0.200,0.350,0.150,-0.001,3.142,0.000,-0.000,0.000,IDLE,1
52.960,MANUAL,0.000,0.000,0.600,0.050,0.200,0.350,0.150,-0.001,3.142,-0.000,-0.000,0.000,IDLE,1
52.968,MANUAL,0.000,0.000,0.600,0.050,0.200,0.350,0.150,-0.001,3.142,0.000,0.000,0.000,IDLE,1
52.976,MANUAL,0.000,0.000,0.600,0.050,0.200,0.350,0.150,-0.001,3.142,0.000,0.000,0.000,IDLE,1
52.984,MANUAL,0.000,0.000,0.600,0.050,0.200,0.350,0.150,-0.001,3.142,0.000,-0.000,0.000,IDLE,1
52.992,MANUAL,0.000,0.000,0.600,0.050,0.200,0.350,0.150,-0.001,3.142,-0.000,-0.000,0.000,IDLE,1
53.000,MANUAL,0.000,0.000,0.600,0.050,0.200,0.350,0.150,-0.001,3.142,0.000,-0.000,0.000,IDLE,1
53.008,MANUAL,0.000,0.000,0.600,0.050,0.200,0.350,0.150,-0.001,3.142,0.000,0.000,0.000,IDLE,1
53.016,MANUAL,0.000,0.000,0.600,0.050,0.200,0.350,0.150,-0.001,3.142,0.000,0.000,0.000,IDLE,1
53.024,MANUAL,0.000,0.000,0.600,0.050,0.200,0.350,0.150,-0.001,3.142,-0.000,-0.000,0.000,IDLE,1
53.032,MANUAL,0.000,0.000,0.600,0.050,0.200,0.350,0.150,-0.001,3.142,-0.000,-0.000,0.000,IDLE,1
53.040,MANUAL,0.000,0.000,0.600,0.050,0.200,0.350,0.150,-0.001,3.142,0.000,-0.000,0.000,IDLE,1
53.048,MANUAL,0.000,0.000,0.600,0.050,0.200,0.350,0.150,-0.001,3.142,0.000,0.000,0.000,IDLE,1
53.056,MANUAL,0.000,0.000,0.600,0.050,0.200,0.350,0.150,-0.001,3.142,0.000,-0.000,0.000,IDLE,1
53.064,MANUAL,0.000,0.000,0.600,0.050,0.200,0.350,0.150,-0.001,3.142,0.000,-0.000,0.000,IDLE,1
53.072,MANUAL,0.000,0.000,0.600,0.050,0.200,0.350,0.150,-0.001,3.142,0.000,0.000,0.000,IDLE,1
53.080,MANUAL,0.000,0.000,0.600,0.050,0.200,0.350,0.150,-0.001,3.142,-0.000,0.000,0.000,IDLE,1
53.088,MANUAL,0.000,0.000,0.600,0.050,0.200,0.350,0.150,-0.001,3.142,-0.000,-0.000,0.000,IDLE,1
53.096,MANUAL,0.000,0.000,0.600,0.050,0.200,0.350,0.150,-0.001,3.142,0.000,-0.000,0.000,IDLE,1
53.104,MANUAL,0.000,0.000,0.600,0.050,0.200,0.350,0.150,-0.001,3.142,0.000,-0.000,0.000,IDLE,1
53.112,MANUAL,0.000,0.000,0.600,0.050,0.200,0.350,0.150,-0.001,3.142,0.000,0.000,0.000,IDLE,1
53.120,MANUAL,0.000,0.000,0.600,0.050,0.200,0.350,0.150,-0.001,3.142,0.000,0.000,0.000,IDLE,1
53.128,MANUAL,0.000,0.000,0.600,0.050,0.200,0.350,0.150,-0.001,3.142,-0.000,-0.000,0.000,IDLE,1
53.136,MANUAL,0.000,0.000,0.600,0.050,0.200,0.350,0.150,-0.001,3.142,-0.000,-0.000,0.000,IDLE,1
53.144,MANUAL,0.000,0.000,0.600,0.050,0.200,0.350,0.150,-0.001,3.142,0.000,-0.000,0.000,IDLE,1
53.152,MANUAL,0.000,0.000,0.600,0.050,0.200,0.350,0.150,-0.001,3.142,0.000,-0.000,0.000,IDLE,1
53.160,MANUAL,0.000,0.000,0.600,0.050,0.200,0.350,0.150,-0.001,3.142,-0.000,-0.000,0.000,IDLE,1
53.168,MANUAL,0.000,0.000,0.600,0.050,0.200,0.350,0.150,-0.001,3.142,0.000,0.000,0.000,IDLE,1
53.176,MANUAL,0.000,0.000,0.600,0.050,0.200,0.350,0.150,-0.001,3.142,0.000,0.000,0.000,IDLE,1
53.184,MANUAL,0.000,0.000,0.600,0.050,0.200,0.350,0.150,-0.001,3.142,-0.000,0.000,0.000,IDLE,1
53.192,MANUAL,0.000,0.000,0.600,0.050,0.200,0.350,0.150,-0.001,3.142,0.000,-0.000,0.000,IDLE,1
53.200,MANUAL,0.000,0.000,0.600,0.050,0.200,0.350,0.150,-0.001,3.142,0.000,-0.000,0.000,IDLE,1
53.208,MANUAL,0.000,0.000,0.600,0.050,0.200,0.350,0.150,-0.001,3.142,0.000,0.000,0.000,IDLE,1
53.216,MANUAL,0.000,0.000,0.600,0.050,0.200,0.350,0.150,-0.001,3.142,0.000,0.000,0.000,IDLE,1
53.224,MANUAL,0.000,0.000,0.600,0.050,0.200,0.350,0.150,-0.001,3.142,0.000,0.000,0.000,IDLE,1
53.232,MANUAL,0.000,0.000,0.600,0.050,0.200,0.350,0.150,-0.001,3.142,-0.000,-0.000,0.000,IDLE,1
53.240,MANUAL,0.000,0.000,0.600,0.050,0.200,0.350,0.150,-0.001,3.142,0.000,-0.000,0.000,IDLE,1
53.248,MANUAL,0.000,0.000,0.600,0.050,0.200,0.350,0.150,-0.001,3.142,0.000,-0.000,0.000,IDLE,1
53.256,MANUAL,0.000,0.000,0.600,0.050,0.200,0.350,0.150,-0.001,3.142,0.000,-0.000,0.000,IDLE,1
53.264,MANUAL,0.000,0.000,0.600,0.050,0.200,0.350,0.150,-0.001,3.142,0.000,-0.000,0.000,IDLE,1
53.272,MANUAL,0.000,0.000,0.600,0.050,0.200,0.350,0.150,-0.001,3.142,0.000,-0.000,0.000,IDLE,1
53.280,MANUAL,0.000,0.000,0.600,0.050,0.200,0.350,0.150,-0.001,3.142,0.000,0.000,0.000,IDLE,1
53.288,MANUAL,0.000,0.000,0.600,0.050,0.200,0.350,0.150,-0.001,3.142,-0.000,0.000,0.000,IDLE,1
53.296,MANUAL,0.000,0.000,0.600,0.050,0.200,0.350,0.150,-0.001,3.142,0.000,-0.000,0.000,IDLE,1
53.304,MANUAL,0.000,0.000,0.600,0.050,0.200,0.350,0.150,-0.001,3.142,-0.000,-0.000,0.000,IDLE,1
53.312,MANUAL,0.000,0.000,0.600,0.050,0.200,0.350,0.150,-0.001,3.142,0.000,-0.000,0.000,IDLE,1
53.320,MANUAL,0.000,0.000,0.600,0.050,0.200,0.350,0.150,-0.001,3.142,0.000,0.000,0.000,IDLE,1
53.328,MANUAL,0.000,0.000,0.600,0.050,0.200,0.350,0.150,-0.001,3.142,0.000,0.000,0.000,IDLE,1
53.336,MANUAL,0.000,0.000,0.600,0.050,0.200,0.350,0.150,-0.001,3.142,0.000,-0.000,0.000,IDLE,1
53.344,MANUAL,0.000,0.000,0.600,0.050,0.200,0.350,0.150,-0.001,3.142,-0.000,-0.000,0.000,IDLE,1
53.352,MANUAL,0.000,0.000,0.600,0.050,0.200,0.350,0.150,-0.001,3.142,0.000,-0.000,0.000,IDLE,1
53.360,MANUAL,0.000,0.000,0.600,0.050,0.200,0.350,0.150,-0.001,3.142,0.000,-0.000,0.000,IDLE,1
53.368,MANUAL,0.000,0.000,0.600,0.050,0.200,0.350,0.150,-0.001,3.142,0.000,0.000,0.000,IDLE,1
53.376,MANUAL,0.000,0.000,0.600,0.050,0.200,0.350,0.150,-0.001,3.142,0.000,-0.000,0.000,IDLE,1
53.384,MANUAL,0.000,0.000,0.600,0.050,0.200,0.350,0.150,-0.001,3.142,0.000,-0.000,0.000,IDLE,1
53.392,MANUAL,0.000,0.000,0.600,0.050,0.200,0.350,0.150,-0.001,3.142,-0.000,-0.000,0.000,IDLE,1
53.400,MANUAL,0.000,0.000,0.600,0.050,0.200,0.350,0.150,-0.001,3.142,0.000,-0.000,0.000,IDLE,1
53.408,MANUAL,0.000,0.000,0.600,0.050,0.200,0.350,0.150,-0.001,3.142,0.000,-0.000,0.000,IDLE,1
53.416,MANUAL,0.000,0.000,0.600,0.050,0.200,0.350,0.150,-0.001,3.142,0.000,-0.000,0.000,IDLE,1
53.424,MANUAL,0.000,0.000,0.600,0.050,0.200,0.350,0.150,-0.001,3.142,0.000,-0.000,0.000,IDLE,1
53.432,MANUAL,0.000,0.000,0.600,0.050,0.200,0.350,0.150,-0.001,3.142,0.000,0.000,0.000,IDLE,1
53.440,MANUAL,0.000,0.000,0.600,0.050,0.200,0.350,0.150,-0.001,3.142,-0.000,-0.000,0.000,IDLE,1
53.448,MANUAL,0.000,0.000,0.600,0.050,0.200,0.350,0.150,-0.001,3.142,0.000,-0.000,0.000,IDLE,1
53.456,MANUAL,0.000,0.000,0.600,0.050,0.200,0.350,0.150,-0.001,3.142,-0.000,-0.000,0.000,IDLE,1
53.464,MANUAL,0.000,0.000,0.600,0.050,0.200,0.350,0.150,-0.001,3.142,0.000,-0.000,0.000,IDLE,1
53.472,MANUAL,0.000,0.000,0.600,0.050,0.200,0.350,0.150,-0.001,3.142,0.000,0.000,0.000,IDLE,1
53.480,MANUAL,0.000,0.000,0.600,0.050,0.200,0.350,0.150,-0.001,3.142,0.000,0.000,0.000,IDLE,1
53.488,MANUAL,0.000,0.000,0.600,0.050,0.200,0.350,0.150,-0.001,3.142,0.000,-0.000,0.000,IDLE,1
53.496,MANUAL,0.000,0.000,0.600,0.050,0.200,0.350,0.150,-0.001,3.142,-0.000,-0.000,0.000,IDLE,1
53.504,MANUAL,0.000,0.000,0.600,0.050,0.200,0.350,0.150,-0.001,3.142,0.000,-0.000,0.000,IDLE,1
53.512,MANUAL,0.000,0.000,0.600,0.050,0.200,0.350,0.150,-0.001,3.142,0.000,-0.000,0.000,IDLE,1
53.520,MANUAL,0.000,0.000,0.600,0.050,0.200,0.350,0.150,-0.001,3.142,0.000,0.000,0.000,IDLE,1
53.528,MANUAL,0.000,0.000,0.600,0.050,0.200,0.350,0.150,-0.001,3.142,0.000,-0.000,0.000,IDLE,1
53.536,MANUAL,0.000,0.000,0.600,0.050,0.200,0.350,0.150,-0.001,3.142,-0.000,-0.000,0.000,IDLE,1
53.544,MANUAL,0.000,0.000,0.600,0.050,0.200,0.350,0.150,-0.001,3.142,-0.000,-0.000,0.000,IDLE,1
53.552,MANUAL,0.000,0.000,0.600,0.050,0.200,0.350,0.150,-0.001,3.142,-0.000,-0.000,0.000,IDLE,1
53.560,MANUAL,0.000,0.000,0.600,0.050,0.200,0.350,0.150,-0.001,3.142,0.000,-0.000,0.000,IDLE,1
53.568,MANUAL,0.000,0.000,0.600,0.050,0.200,0.350,0.150,-0.001,3.142,0.000,-0.000,0.000,IDLE,1
53.576,MANUAL,0.000,0.000,0.600,0.050,0.200,0.350,0.150,-0.001,3.142,-0.000,-0.000,0.000,IDLE,1
53.584,MANUAL,0.000,0.000,0.600,0.050,0.200,0.350,0.150,-0.001,3.142,0.000,-0.000,0.000,IDLE,1
53.592,MANUAL,0.000,0.000,0.600,0.050,0.200,0.350,0.150,-0.001,3.142,0.000,0.000,0.000,IDLE,1
53.600,MANUAL,0.000,0.000,0.600,0.050,0.200,0.350,0.150,-0.001,3.142,-0.000,-0.000,0.000,IDLE,1
53.608,MANUAL,0.000,0.000,0.600,0.050,0.200,0.350,0.150,-0.001,3.142,0.000,-0.000,0.000,IDLE,1
53.616,MANUAL,0.000,0.000,0.600,0.050,0.200,0.350,0.150,-0.001,3.142,-0.000,-0.000,0.000,IDLE,1
53.624,MANUAL,0.000,0.000,0.600,0.050,0.200,0.350,0.150,-0.001,3.142,0.000,-0.000,0.000,IDLE,1
53.632,MANUAL,0.000,0.000,0.600,0.050,0.200,0.350,0.150,-0.001,3.142,0.000,0.000,0.000,IDLE,1
53.640,MANUAL,0.000,0.000,0.600,0.050,0.200,0.350,0.150,-0.001,3.142,0.000,0.000,0.000,IDLE,1
53.648,MANUAL,0.000,0.000,0.600,0.050,0.200,0.350,0.150,-0.001,3.142,0.000,0.000,0.000,IDLE,1
53.656,MANUAL,0.000,0.000,0.600,0.050,0.200,0.350,0.150,-0.001,3.142,-0.000,-0.000,0.000,IDLE,1
53.664,MANUAL,0.000,0.000,0.600,0.050,0.200,0.350,0.150,-0.001,3.142,0.000,-0.000,0.000,IDLE,1
53.672,MANUAL,0.000,0.000,0.600,0.050,0.200,0.350,0.150,-0.001,3.142,0.000,-0.000,0.000,IDLE,1
53.680,MANUAL,0.000,0.000,0.600,0.050,0.200,0.350,0.150,-0.001,3.142,0.000,0.000,0.000,IDLE,1
53.688,MANUAL,0.000,0.000,0.600,0.050,0.200,0.350,0.150,-0.001,3.142,0.000,0.000,0.000,IDLE,1
53.696,MANUAL,0.000,0.000,0.600,0.050,0.200,0.350,0.150,-0.001,3.142,0.000,-0.000,0.000,IDLE,1
53.704,MANUAL,0.000,0.000,0.600,0.050,0.200,0.350,0.150,-0.001,3.142,-0.000,-0.000,0.000,IDLE,1
53.712,MANUAL,0.000,0.000,0.600,0.050,0.200,0.350,0.150,-0.001,3.142,-0.000,-0.000,0.000,IDLE,1
53.720,MANUAL,0.000,0.000,0.600,0.050,0.200,0.350,0.150,-0.001,3.142,0.000,-0.000,0.000,IDLE,1
53.728,MANUAL,0.000,0.000,0.600,0.050,0.200,0.350,0.150,-0.001,3.142,0.000,-0.000,0.000,IDLE,1
53.736,MANUAL,0.000,0.000,0.600,0.050,0.200,0.350,0.150,-0.001,3.142,0.000,-0.000,0.000,IDLE,1
53.744,MANUAL,0.000,0.000,0.600,0.050,0.200,0.350,0.150,-0.001,3.142,-0.000,-0.000,0.000,IDLE,1
53.752,MANUAL,0.000,0.000,0.600,0.050,0.200,0.350,0.150,-0.001,3.142,0.000,-0.000,0.000,IDLE,1
53.760,MANUAL,0.000,0.000,0.600,0.050,0.200,0.350,0.150,-0.001,3.142,-0.000,-0.000,0.000,IDLE,1
53.768,MANUAL,0.000,0.000,0.600,0.050,0.200,0.350,0.150,-0.001,3.142,-0.000,-0.000,0.000,IDLE,1
53.776,MANUAL,0.000,0.000,0.600,0.050,0.200,0.350,0.150,-0.001,3.142,0.000,-0.000,0.000,IDLE,1
53.784,MANUAL,0.000,0.000,0.600,0.050,0.200,0.350,0.150,-0.001,3.142,0.000,-0.000,0.000,IDLE,1
53.792,MANUAL,0.000,0.000,0.600,0.050,0.200,0.350,0.150,-0.001,3.142,0.000,-0.000,0.000,IDLE,1
53.800,MANUAL,0.000,0.000,0.600,0.050,0.200,0.350,0.150,-0.001,3.142,0.000,0.000,0.000,IDLE,1
53.808,MANUAL,0.000,0.000,0.600,0.050,0.200,0.350,0.150,-0.001,3.142,0.000,0.000,0.000,IDLE,1
53.816,MANUAL,0.000,0.000,0.600,0.050,0.200,0.350,0.150,-0.001,3.142,-0.000,-0.000,0.000,IDLE,1
53.824,MANUAL,0.000,0.000,0.600,0.050,0.200,0.350,0.150,-0.001,3.142,0.000,-0.000,0.000,IDLE,1
53.832,MANUAL,0.000,0.000,0.600,0.050,0.200,0.350,0.150,-0.001,3.142,0.000,-0.000,0.000,IDLE,1
53.840,MANUAL,0.000,0.000,0.600,0.050,0.200,0.350,0.150,-0.001,3.142,0.000,0.000,0.000,IDLE,1
53.848,MANUAL,0.000,0.000,0.600,0.050,0.200,0.350,0.150,-0.001,3.142,0.000,0.000,0.000,IDLE,1
53.856,MANUAL,0.000,0.000,0.600,0.050,0.200,0.350,0.150,-0.001,3.142,0.000,0.000,0.000,IDLE,1
53.864,MANUAL,0.000,0.000,0.600,0.050,0.200,0.350,0.150,-0.001,3.142,-0.000,-0.000,0.000,IDLE,1
53.872,MANUAL,0.000,0.000,0.600,0.050,0.200,0.350,0.150,-0.001,3.142,-0.000,-0.000,0.000,IDLE,1
53.880,MANUAL,0.000,0.000,0.600,0.050,0.200,0.350,0.150,-0.001,3.142,0.000,-0.000,0.000,IDLE,1
53.888,MANUAL,0.000,0.000,0.600,0.050,0.200,0.350,0.150,-0.001,3.142,0.000,-0.000,0.000,IDLE,1
53.896,MANUAL,0.000,0.000,0.600,0.050,0.200,0.350,0.150,-0.001,3.142,0.000,0.000,0.000,IDLE,1
53.904,MANUAL,0.000,0.000,0.600,0.050,0.200,0.350,0.150,-0.001,3.142,0.000,0.000,0.000,IDLE,1
53.912,MANUAL,0.000,0.000,0.600,0.050,0.200,0.350,0.150,-0.001,3.142,0.000,-0.000,0.000,IDLE,1
53.920,MANUAL,0.000,0.000,0.600,0.050,0.200,0.350,0.150,-0.001,3.142,-0.000,-0.000,0.000,IDLE,1
53.928,MANUAL,0.000,0.000,0.600,0.050,0.200,0.350,0.150,-0.001,3.142,0.000,-0.000,0.000,IDLE,1
53.936,MANUAL,0.000,0.000,0.600,0.050,0.200,0.350,0.150,-0.001,3.142,0.000,-0.000,0.000,IDLE,1
53.944,MANUAL,0.000,0.000,0.600,0.050,0.200,0.350,0.150,-0.001,3.142,0.000,-0.000,0.000,IDLE,1
53.952,MANUAL,0.000,0.000,0.600,0.050,0.200,0.350,0.150,-0.001,3.142,0.000,0.000,0.000,IDLE,1
53.960,MANUAL,0.000,0.000,0.600,0.050,0.200,0.350,0.150,-0.001,3.142,0.000,-0.000,0.000,IDLE,1
53.968,MANUAL,0.000,0.000,0.600,0.050,0.200,0.350,0.150,-0.001,3.142,0.000,-0.000,0.000,IDLE,1
53.976,MANUAL,0.000,0.000,0.600,0.050,0.200,0.350,0.150,-0.001,3.142,-0.000,-0.000,0.000,IDLE,1
53.984,MANUAL,0.000,0.000,0.600,0.050,0.200,0.350,0.150,-0.001,3.142,-0.000,-0.000,0.000,IDLE,1
53.992,MANUAL,0.000,0.000,0.600,0.050,0.200,0.350,0.150,-0.001,3.142,0.000,-0.000,0.000,IDLE,1
54.000,MANUAL,0.000,0.000,0.600,0.050,0.200,0.350,0.150,-0.001,3.142,0.000,-0.000,0.000,IDLE,1
54.008,MANUAL,0.000,0.000,0.600,0.050,0.200,0.350,0.150,-0.001,3.142,0.000,-0.000,0.000,IDLE,1
54.016,MANUAL,0.000,0.000,0.600,0.050,0.200,0.350,0.150,-0.001,3.142,0.000,-0.000,0.000,IDLE,1
54.024,MANUAL,0.000,0.000,0.600,0.050,0.200,0.350,0.150,-0.001,3.142,0.000,0.000,0.000,IDLE,1
54.032,MANUAL,0.000,0.000,0.600,0.050,0.200,0.350,0.150,-0.001,3.142,-0.000,-0.000,0.000,IDLE,1
54.040,MANUAL,0.000,0.000,0.600,0.050,0.200,0.350,0.150,-0.001,3.142,0.000,-0.000,0.000,IDLE,1
54.048,MANUAL,0.000,0.000,0.600,0.050,0.200,0.350,0.150,-0.001,3.142,0.000,-0.000,0.000,IDLE,1
54.056,MANUAL,0.000,0.000,0.600,0.050,0.200,0.350,0.150,-0.001,3.142,-0.000,-0.000,0.000,IDLE,1
54.064,MANUAL,0.000,0.000,0.600,0.050,0.200,0.350,0.150,-0.001,3.142,0.000,-0.000,0.000,IDLE,1
54.072,MANUAL,0.000,0.000,0.600,0.050,0.200,0.350,0.150,-0.001,3.142,0.000,0.000,0.000,IDLE,1
54.080,MANUAL,0.000,0.000,0.600,0.050,0.200,0.350,0.150,-0.001,3.142,0.000,0.000,0.000,IDLE,1
54.088,MANUAL,0.000,0.000,0.600,0.050,0.200,0.350,0.150,-0.001,3.142,-0.000,-0.000,0.000,IDLE,1
54.096,MANUAL,0.000,0.000,0.600,0.050,0.200,0.350,0.150,-0.001,3.142,0.000,-0.000,0.000,IDLE,1
54.104,MANUAL,0.000,0.000,0.600,0.050,0.200,0.350,0.150,-0.001,3.142,-0.000,-0.000,0.000,IDLE,1
54.112,MANUAL,0.000,0.000,0.600,0.050,0.200,0.350,0.150,-0.001,3.142,0.000,-0.000,0.000,IDLE,1
54.120,MANUAL,0.000,0.000,0.600,0.050,0.200,0.350,0.150,-0.001,3.142,0.000,0.000,0.000,IDLE,1
54.128,MANUAL,0.000,0.000,0.600,0.050,0.200,0.350,0.150,-0.001,3.142,0.000,0.000,0.000,IDLE,1
54.136,MANUAL,0.000,0.000,0.600,0.050,0.200,0.350,0.150,-0.001,3.142,-0.000,-0.000,0.000,IDLE,1
54.144,MANUAL,0.000,0.000,0.600,0.050,0.200,0.350,0.150,-0.001,3.142,0.000,-0.000,0.000,IDLE,1
54.152,MANUAL,0.000,0.000,0.600,0.050,0.200,0.350,0.150,-0.001,3.142,-0.000,-0.000,0.000,IDLE,1
54.160,MANUAL,0.000,0.000,0.600,0.050,0.200,0.350,0.150,-0.001,3.142,0.000,-0.000,0.000,IDLE,1
54.168,MANUAL,0.000,0.000,0.600,0.050,0.200,0.350,0.150,-0.001,3.142,0.000,0.000,0.000,IDLE,1
54.176,MANUAL,0.000,0.000,0.600,0.050,0.200,0.350,0.150,-0.001,3.142,0.000,0.000,0.000,IDLE,1
54.184,MANUAL,0.000,0.000,0.600,0.050,0.200,0.350,0.150,-0.001,3.142,0.000,0.000,0.000,IDLE,1
54.192,MANUAL,0.000,0.000,0.600,0.050,0.200,0.350,0.150,-0.001,3.142,0.000,-0.000,0.000,IDLE,1
54.200,MANUAL,0.000,0.000,0.600,0.050,0.200,0.350,0.150,-0.001,3.142,-0.000,-0.000,0.000,IDLE,1
54.208,MANUAL,0.000,0.000,0.600,0.050,0.200,0.350,0.150,-0.001,3.142,0.000,-0.000,0.000,IDLE,1
54.216,MANUAL,0.000,0.000,0.600,0.050,0.200,0.350,0.150,-0.001,3.142,0.000,-0.000,0.000,IDLE,1
54.224,MANUAL,0.000,0.000,0.600,0.050,0.200,0.350,0.150,-0.001,3.142,0.000,0.000,0.000,IDLE,1
54.232,MANUAL,0.000,0.000,0.600,0.050,0.200,0.350,0.150,-0.001,3.142,0.000,0.000,0.000,IDLE,1
54.240,MANUAL,0.000,0.000,0.600,0.050,0.200,0.350,0.150,-0.001,3.142,0.000,-0.000,0.000,IDLE,1
54.248,MANUAL,0.000,0.000,0.600,0.050,0.200,0.350,0.150,-0.001,3.142,-0.000,-0.000,0.000,IDLE,1
54.256,MANUAL,0.000,0.000,0.600,0.050,0.200,0.350,0.150,-0.001,3.142,0.000,-0.000,0.000,IDLE,1
54.264,MANUAL,0.000,0.000,0.600,0.050,0.200,0.350,0.150,-0.001,3.142,0.000,-0.000,0.000,IDLE,1
54.272,MANUAL,0.000,0.000,0.600,0.050,0.200,0.350,0.150,-0.001,3.142,0.000,-0.000,0.000,IDLE,1
54.280,MANUAL,0.000,0.000,0.600,0.050,0.200,0.350,0.150,-0.001,3.142,0.000,0.000,0.000,IDLE,1
54.288,MANUAL,0.000,0.000,0.600,0.050,0.200,0.350,0.150,-0.001,3.142,0.000,0.000,0.000,IDLE,1
54.296,MANUAL,0.000,0.000,0.600,0.050,0.200,0.350,0.150,-0.001,3.142,0.000,-0.000,0.000,IDLE,1
54.304,MANUAL,0.000,0.000,0.600,0.050,0.200,0.350,0.150,-0.001,3.142,-0.000,-0.000,0.000,IDLE,1
54.312,MANUAL,0.000,0.000,0.600,0.050,0.200,0.350,0.150,-0.001,3.142,-0.000,-0.000,0.000,IDLE,1
54.320,MANUAL,0.000,0.000,0.600,0.050,0.200,0.350,0.150,-0.001,3.142,0.000,-0.000,0.000,IDLE,1
54.328,MANUAL,0.000,0.000,0.600,0.050,0.200,0.350,0.150,-0.001,3.142,0.000,-0.000,0.000,IDLE,1
54.336,MANUAL,0.000,0.000,0.600,0.050,0.200,0.350,0.150,-0.001,3.142,0.000,0.000,0.000,IDLE,1
54.344,MANUAL,0.000,0.000,0.600,0.050,0.200,0.350,0.150,-0.001,3.142,0.000,-0.000,0.000,IDLE,1
54.352,MANUAL,0.000,0.000,0.600,0.050,0.200,0.350,0.150,-0.001,3.142,0.000,-0.000,0.000,IDLE,1
54.360,MANUAL,0.000,0.000,0.600,0.050,0.200,0.350,0.150,-0.001,3.142,-0.000,-0.000,0.000,IDLE,1
54.368,MANUAL,0.000,0.000,0.600,0.050,0.200,0.350,0.150,-0.001,3.142,0.000,-0.000,0.000,IDLE,1
54.376,MANUAL,0.000,0.000,0.600,0.050,0.200,0.350,0.150,-0.001,3.142,0.000,-0.000,0.000,IDLE,1
54.384,MANUAL,0.000,0.000,0.600,0.050,0.200,0.350,0.150,-0.001,3.142,0.000,0.000,0.000,IDLE,1
54.392,MANUAL,0.000,0.000,0.600,0.050,0.200,0.350,0.150,-0.001,3.142,0.000,-0.000,0.000,IDLE,1
54.400,MANUAL,0.000,0.000,0.600,0.050,0.200,0.350,0.150,-0.001,3.142,0.000,-0.000,0.000,IDLE,1
54.408,MANUAL,0.000,0.000,0.600,0.050,0.200,0.350,0.150,-0.001,3.142,0.000,0.000,0.000,IDLE,1
54.416,MANUAL,0.000,0.000,0.600,0.050,0.200,0.350,0.150,-0.001,3.142,-0.000,-0.000,0.000,IDLE,1
54.424,MANUAL,0.000,0.000,0.600,0.050,0.200,0.350,0.150,-0.001,3.142,0.000,-0.000,0.000,IDLE,1
54.432,MANUAL,0.000,0.000,0.600,0.050,0.200,0.350,0.150,-0.001,3.142,0.000,-0.000,0.000,IDLE,1
54.440,MANUAL,0.000,0.000,0.600,0.050,0.200,0.350,0.150,-0.001,3.142,0.000,-0.000,0.000,IDLE,1
54.448,MANUAL,0.000,0.000,0.600,0.050,0.200,0.350,0.150,-0.001,3.142,-0.000,-0.000,0.000,IDLE,1
54.456,MANUAL,0.000,0.000,0.600,0.050,0.200,0.350,0.150,-0.001,3.142,0.000,-0.000,0.000,IDLE,1
54.464,MANUAL,0.000,0.000,0.600,0.050,0.200,0.350,0.150,-0.001,3.142,0.000,0.000,0.000,IDLE,1
54.472,MANUAL,0.000,0.000,0.600,0.050,0.200,0.350,0.150,-0.001,3.142,-0.000,-0.000,0.000,IDLE,1
54.480,MANUAL,0.000,0.000,0.600,0.050,0.200,0.350,0.150,-0.001,3.142,0.000,-0.000,0.000,IDLE,1
54.488,MANUAL,0.000,0.000,0.600,0.050,0.200,0.350,0.150,-0.001,3.142,0.000,-0.000,0.000,IDLE,1
54.496,MANUAL,0.000,0.000,0.600,0.050,0.200,0.350,0.150,-0.001,3.142,0.000,-0.000,0.000,IDLE,1
54.504,MANUAL,0.000,0.000,0.600,0.050,0.200,0.350,0.150,-0.001,3.142,0.000,-0.000,0.000,IDLE,1
54.512,MANUAL,0.000,0.000,0.600,0.050,0.200,0.350,0.150,-0.001,3.142,0.000,0.000,0.000,IDLE,1
54.520,MANUAL,0.000,0.000,0.600,0.050,0.200,0.350,0.150,-0.001,3.142,0.000,0.000,0.000,IDLE,1
54.528,MANUAL,0.000,0.000,0.600,0.050,0.200,0.350,0.150,-0.001,3.142,-0.000,-0.000,0.000,IDLE,1
54.536,MANUAL,0.000,0.000,0.600,0.050,0.200,0.350,0.150,-0.001,3.142,0.000,-0.000,0.000,IDLE,1
54.544,MANUAL,0.000,0.000,0.600,0.050,0.200,0.350,0.150,-0.001,3.142,0.000,-0.000,0.000,IDLE,1
54.552,MANUAL,0.000,0.000,0.600,0.050,0.200,0.350,0.150,-0.001,3.142,-0.000,-0.000,0.000,IDLE,1
54.560,MANUAL,0.000,0.000,0.600,0.050,0.200,0.350,0.150,-0.001,3.142,0.000,-0.000,0.000,IDLE,1
54.568,MANUAL,0.000,0.000,0.600,0.050,0.200,0.350,0.150,-0.001,3.142,0.000,0.000,0.000,IDLE,1
54.576,MANUAL,0.000,0.000,0.600,0.050,0.200,0.350,0.150,-0.001,3.142,-0.000,-0.000,0.000,IDLE,1
54.584,MANUAL,0.000,0.000,0.600,0.050,0.200,0.350,0.150,-0.001,3.142,-0.000,-0.000,0.000,IDLE,1
54.592,MANUAL,0.000,0.000,0.600,0.050,0.200,0.350,0.150,-0.001,3.142,0.000,-0.000,0.000,IDLE,1
54.600,MANUAL,0.000,0.000,0.600,0.050,0.200,0.350,0.150,-0.001,3.142,0.000,-0.000,0.000,IDLE,1
54.608,MANUAL,0.000,0.000,0.600,0.050,0.200,0.350,0.150,-0.001,3.142,0.000,-0.000,0.000,IDLE,1
54.616,MANUAL,0.000,0.000,0.600,0.050,0.200,0.350,0.150,-0.001,3.142,0.000,0.000,0.000,IDLE,1
54.624,MANUAL,0.000,0.000,0.600,0.050,0.200,0.350,0.150,-0.001,3.142,0.000,0.000,0.000,IDLE,1
54.632,MANUAL,0.000,0.000,0.600,0.050,0.200,0.350,0.150,-0.001,3.142,-0.000,-0.000,0.000,IDLE,1
54.640,MANUAL,0.000,0.000,0.600,0.050,0.200,0.350,0.150,-0.001,3.142,-0.000,-0.000,0.000,IDLE,1
54.648,MANUAL,0.000,0.000,0.600,0.050,0.200,0.350,0.150,-0.001,3.142,0.000,-0.000,0.000,IDLE,1
54.656,MANUAL,0.000,0.000,0.600,0.050,0.200,0.350,0.150,-0.001,3.142,0.000,-0.000,0.000,IDLE,1
54.664,MANUAL,0.000,0.000,0.600,0.050,0.200,0.350,0.150,-0.001,3.142,0.000,-0.000,0.000,IDLE,1
54.672,MANUAL,0.000,0.000,0.600,0.050,0.200,0.350,0.150,-0.001,3.142,0.000,0.000,0.000,IDLE,1
54.680,MANUAL,0.000,0.000,0.600,0.050,0.200,0.350,0.150,-0.001,3.142,0.000,0.000,0.000,IDLE,1
54.688,MANUAL,0.000,0.000,0.600,0.050,0.200,0.350,0.150,-0.001,3.142,-0.000,-0.000,0.000,IDLE,1
54.696,MANUAL,0.000,0.000,0.600,0.050,0.200,0.350,0.150,-0.001,3.142,-0.000,-0.000,0.000,IDLE,1
54.704,MANUAL,0.000,0.000,0.600,0.050,0.200,0.350,0.150,-0.001,3.142,0.000,-0.000,0.000,IDLE,1
54.712,MANUAL,0.000,0.000,0.600,0.050,0.200,0.350,0.150,-0.001,3.142,-0.000,-0.000,0.000,IDLE,1
54.720,MANUAL,0.000,0.000,0.600,0.050,0.200,0.350,0.150,-0.001,3.142,0.000,-0.000,0.000,IDLE,1
54.728,MANUAL,0.000,0.000,0.600,0.050,0.200,0.350,0.150,-0.001,3.142,0.000,0.000,0.000,IDLE,1
54.736,MANUAL,0.000,0.000,0.600,0.050,0.200,0.350,0.150,-0.001,3.142,0.000,0.000,0.000,IDLE,1
54.744,MANUAL,0.000,0.000,0.600,0.050,0.200,0.350,0.150,-0.001,3.142,-0.000,-0.000,0.000,IDLE,1
54.752,MANUAL,0.000,0.000,0.600,0.050,0.200,0.350,0.150,-0.001,3.142,-0.000,-0.000,0.000,IDLE,1
54.760,MANUAL,0.000,0.000,0.600,0.050,0.200,0.350,0.150,-0.001,3.142,0.000,-0.000,0.000,IDLE,1
54.768,MANUAL,0.000,0.000,0.600,0.050,0.200,0.350,0.150,-0.001,3.142,0.000,-0.000,0.000,IDLE,1
54.776,MANUAL,0.000,0.000,0.600,0.050,0.200,0.350,0.150,-0.001,3.142,0.000,0.000,0.000,IDLE,1
54.784,MANUAL,0.000,0.000,0.600,0.050,0.200,0.350,0.150,-0.001,3.142,0.000,0.000,0.000,IDLE,1
54.792,MANUAL,0.000,0.000,0.600,0.050,0.200,0.350,0.150,-0.001,3.142,0.000,0.000,0.000,IDLE,1
54.800,MANUAL,0.000,0.000,0.600,0.050,0.200,0.350,0.150,-0.001,3.142,-0.000,-0.000,0.000,IDLE,1
54.808,MANUAL,0.000,0.000,0.600,0.050,0.200,0.350,0.150,-0.001,3.142,-0.000,-0.000,0.000,IDLE,1
54.816,MANUAL,0.000,0.000,0.600,0.050,0.200,0.350,0.150,-0.001,3.142,0.000,-0.000,0.000,IDLE,1
54.824,MANUAL,0.000,0.000,0.600,0.050,0.200,0.350,0.150,-0.001,3.142,0.000,-0.000,0.000,IDLE,1
54.832,MANUAL,0.000,0.000,0.600,0.050,0.200,0.350,0.150,-0.001,3.142,0.000,0.000,0.000,IDLE,1
54.840,MANUAL,0.000,0.000,0.600,0.050,0.200,0.350,0.150,-0.001,3.142,0.000,0.000,0.000,IDLE,1
54.848,MANUAL,0.000,0.000,0.600,0.050,0.200,0.350,0.150,-0.001,3.142,0.000,0.000,0.000,IDLE,1
54.856,MANUAL,0.000,0.000,0.600,0.050,0.200,0.350,0.150,-0.001,3.142,-0.000,-0.000,0.000,IDLE,1
54.864,MANUAL,0.000,0.000,0.600,0.050,0.200,0.350,0.150,-0.001,3.142,-0.000,-0.000,0.000,IDLE,1
54.872,MANUAL,0.000,0.000,0.600,0.050,0.200,0.350,0.150,-0.001,3.142,0.000,-0.000,0.000,IDLE,1
54.880,MANUAL,0.000,0.000,0.600,0.050,0.200,0.350,0.150,-0.001,3.142,0.000,-0.000,0.000,IDLE,1
54.888,MANUAL,0.000,0.000,0.600,0.050,0.200,0.350,0.150,-0.001,3.142,0.000,0.000,0.000,IDLE,1
54.896,MANUAL,0.000,0.000,0.600,0.050,0.200,0.350,0.150,-0.001,3.142,0.000,0.000,0.000,IDLE,1
54.904,MANUAL,0.000,0.000,0.600,0.050,0.200,0.350,0.150,-0.001,3.142,0.000,0.000,0.000,IDLE,1
54.912,MANUAL,0.000,0.000,0.600,0.050,0.200,0.350,0.150,-0.001,3.142,-0.000,-0.000,0.000,IDLE,1
54.920,MANUAL,0.000,0.000,0.600,0.050,0.200,0.350,0.150,-0.001,3.142,-0.000,-0.000,0.000,IDLE,1
54.928,MANUAL,0.000,0.000,0.600,0.050,0.200,0.350,0.150,-0.001,3.142,0.000,-0.000,0.000,IDLE,1
54.936,MANUAL,0.000,0.000,0.600,0.050,0.200,0.350,0.150,-0.001,3.142,0.000,-0.000,0.000,IDLE,1
54.944,MANUAL,0.000,0.000,0.600,0.050,0.200,0.350,0.150,-0.001,3.142,0.000,0.000,0.000,IDLE,1
54.952,MANUAL,0.000,0.000,0.600,0.050,0.200,0.350,0.150,-0.001,3.142,0.000,0.000,0.000,IDLE,1
54.960,MANUAL,0.000,0.000,0.600,0.050,0.200,0.350,0.150,-0.001,3.142,0.000,0.000,0.000,IDLE,1
54.968,MANUAL,0.000,0.000,0.600,0.050,0.200,0.350,0.150,-0.001,3.142,-0.000,-0.000,0.000,IDLE,1
54.976,MANUAL,0.000,0.000,0.600,0.050,0.200,0.350,0.150,-0.001,3.142,-0.000,-0.000,0.000,IDLE,1
54.984,MANUAL,0.000,0.000,0.600,0.050,0.200,0.350,0.150,-0.001,3.142,0.000,-0.000,0.000,IDLE,1
54.992,MANUAL,0.000,0.000,0.600,0.050,0.200,0.350,0.150,-0.001,3.142,0.000,-0.000,0.000,IDLE,1
55.000,MANUAL,0.000,0.000,0.600,0.050,0.200,0.350,0.150,-0.001,3.142,0.000,0.000,0.000,IDLE,1
55.008,MANUAL,0.000,0.000,0.600,0.050,0.200,0.350,0.150,-0.001,3.142,0.000,0.000,0.000,IDLE,1
55.016,MANUAL,0.000,0.000,0.600,0.050,0.200,0.350,0.150,-0.001,3.142,0.000,0.000,0.000,IDLE,1
55.024,MANUAL,0.000,0.000,0.600,0.050,0.200,0.350,0.150,-0.001,3.142,-0.000,-0.000,0.000,IDLE,1
55.032,MANUAL,0.000,0.000,0.600,0.050,0.200,0.350,0.150,-0.001,3.142,-0.000,-0.000,0.000,IDLE,1
55.040,MANUAL,0.000,0.000,0.600,0.050,0.200,0.350,0.150,-0.001,3.142,0.000,-0.000,0.000,IDLE,1
55.048,MANUAL,0.000,0.000,0.600,0.050,0.200,0.350,0.150,-0.001,3.142,0.000,-0.000,0.000,IDLE,1
55.056,MANUAL,0.000,0.000,0.600,0.050,0.200,0.350,0.150,-0.001,3.142,0.000,0.000,0.000,IDLE,1
55.064,MANUAL,0.000,0.000,0.600,0.050,0.200,0.350,0.150,-0.001,3.142,0.000,0.000,0.000,IDLE,1
55.072,MANUAL,0.000,0.000,0.600,0.050,0.200,0.350,0.150,-0.001,3.142,0.000,0.000,0.000,IDLE,1
55.080,MANUAL,0.000,0.000,0.600,0.050,0.200,0.350,0.150,-0.001,3.142,-0.000,-0.000,0.000,IDLE,1
55.088,MANUAL,0.000,0.000,0.600,0.050,0.200,0.350,0.150,-0.001,3.142,-0.000,-0.000,0.000,IDLE,1
55.096,MANUAL,0.000,0.000,0.600,0.050,0.200,0.350,0.150,-0.001,3.142,0.000,-0.000,0.000,IDLE,1
55.104,MANUAL,0.000,0.000,0.600,0.050,0.200,0.350,0.150,-0.001,3.142,0.000,-0.000,0.000,IDLE,1
55.112,MANUAL,0.000,0.000,0.600,0.050,0.200,0.350,0.150,-0.001,3.142,0.000,0.000,0.000,IDLE,1
55.120,MANUAL,0.000,0.000,0.600,0.050,0.200,0.350,0.150,-0.001,3.142,0.000,0.000,0.000,IDLE,1
55.128,MANUAL,0.000,0.000,0.600,0.050,0.200,0.350,0.150,-0.001,3.142,0.000,0.000,0.000,IDLE,1
55.136,MANUAL,0.000,0.000,0.600,0.050,0.200,0.350,0.150,-0.001,3.142,-0.000,-0.000,0.000,IDLE,1
55.144,MANUAL,0.000,0.000,0.600,0.050,0.200,0.350,0.150,-0.001,3.142,-0.000,-0.000,0.000,IDLE,1
55.152,MANUAL,0.000,0.000,0.600,0.050,0.200,0.350,0.150,-0.001,3.142,0.000,-0.000,0.000,IDLE,1
55.160,MANUAL,0.000,0.000,0.600,0.050,0.200,0.350,0.150,-0.001,3.142,0.000,-0.000,0.000,IDLE,1
55.168,MANUAL,0.000,0.000,0.600,0.050,0.200,0.350,0.150,-0.001,3.142,0.000,0.000,0.000,IDLE,1
55.176,MANUAL,0.000,0.000,0.600,0.050,0.200,0.350,0.150,-0.001,3.142,0.000,0.000,0.000,IDLE,1
55.184,MANUAL,0.000,0.000,0.600,0.050,0.200,0.350,0.150,-0.001,3.142,0.000,0.000,0.000,IDLE,1
55.192,MANUAL,0.000,0.000,0.600,0.050,0.200,0.350,0.150,-0.001,3.142,-0.000,0.000,0.000,IDLE,1
55.200,MANUAL,0.000,0.000,0.600,0.050,0.200,0.350,0.150,-0.001,3.142,-0.000,-0.000,0.000,IDLE,1
55.208,MANUAL,0.000,0.000,0.600,0.050,0.200,0.350,0.150,-0.001,3.142,0.000,-0.000,0.000,IDLE,1
55.216,MANUAL,0.000,0.000,0.600,0.050,0.200,0.350,0.150,-0.001,3.142,0.000,-0.000,0.000,IDLE,1
55.224,MANUAL,0.000,0.000,0.600,0.050,0.200,0.350,0.150,-0.001,3.142,0.000,0.000,0.000,IDLE,1
55.232,MANUAL,0.000,0.000,0.600,0.050,0.200,0.350,0.150,-0.001,3.142,0.000,0.000,0.000,IDLE,1
55.240,MANUAL,0.000,0.000,0.600,0.050,0.200,0.350,0.150,-0.001,3.142,0.000,0.000,0.000,IDLE,1
55.248,MANUAL,0.000,0.000,0.600,0.050,0.200,0.350,0.150,-0.001,3.142,-0.000,-0.000,0.000,IDLE,1
55.256,MANUAL,0.000,0.000,0.600,0.050,0.200,0.350,0.150,-0.001,3.142,-0.000,-0.000,0.000,IDLE,1
55.264,MANUAL,0.000,0.000,0.600,0.050,0.200,0.350,0.150,-0.001,3.142,0.000,-0.000,0.000,IDLE,1
55.272,MANUAL,0.000,0.000,0.600,0.050,0.200,0.350,0.150,-0.001,3.142,0.000,-0.000,0.000,IDLE,1
55.280,MANUAL,0.000,0.000,0.600,0.050,0.200,0.350,0.150,-0.001,3.142,0.000,0.000,0.000,IDLE,1
55.288,MANUAL,0.000,0.000,0.600,0.050,0.200,0.350,0.150,-0.001,3.142,0.000,0.000,0.000,IDLE,1
55.296,MANUAL,0.000,0.000,0.600,0.050,0.200,0.350,0.150,-0.001,3.142,0.000,0.000,0.000,IDLE,1
55.304,MANUAL,0.000,0.000,0.600,0.050,0.200,0.350,0.150,-0.001,3.142,-0.000,-0.000,0.000,IDLE,1
55.312,MANUAL,0.000,0.000,0.600,0.050,0.200,0.350,0.150,-0.001,3.142,-0.000,-0.000,0.000,IDLE,1
55.320,MANUAL,0.000,0.000,0.600,0.050,0.200,0.350,0.150,-0.001,3.142,0.000,-0.000,0.000,IDLE,1
55.328,MANUAL,0.000,0.000,0.600,0.050,0.200,0.350,0.150,-0.001,3.142,-0.000,-0.000,0.000,IDLE,1
55.336,MANUAL,0.000,0.000,0.600,0.050,0.200,0.350,0.150,-0.001,3.142,0.000,-0.000,0.000,IDLE,1
55.344,MANUAL,0.000,0.000,0.600,0.050,0.200,0.350,0.150,-0.001,3.142,0.000,0.000,0.000,IDLE,1
55.352,MANUAL,0.000,0.000,0.600,0.050,0.200,0.350,0.150,-0.001,3.142,0.000,0.000,0.000,IDLE,1
55.360,MANUAL,0.000,0.000,0.600,0.050,0.200,0.350,0.150,-0.001,3.142,-0.000,-0.000,0.000,IDLE,1
55.368,MANUAL,0.000,0.000,0.600,0.050,0.200,0.350,0.150,-0.001,3.142,-0.000,-0.000,0.000,IDLE,1
55.376,MANUAL,0.000,0.000,0.600,0.050,0.200,0.350,0.150,-0.001,3.142,0.000,-0.000,0.000,IDLE,1
55.384,MANUAL,0.000,0.000,0.600,0.050,0.200,0.350,0.150,-0.001,3.142,0.000,-0.000,0.000,IDLE,1
55.392,MANUAL,0.000,0.000,0.600,0.050,0.200,0.350,0.150,-0.001,3.142,0.000,-0.000,0.000,IDLE,1
55.400,MANUAL,0.000,0.000,0.600,0.050,0.200,0.350,0.150,-0.001,3.142,0.000,0.000,0.000,IDLE,1
55.408,MANUAL,0.000,0.000,0.600,0.050,0.200,0.350,0.150,-0.001,3.142,0.000,0.000,0.000,IDLE,1
55.416,MANUAL,0.000,0.000,0.600,0.050,0.200,0.350,0.150,-0.001,3.142,0.000,0.000,0.000,IDLE,1
55.424,MANUAL,0.000,0.000,0.600,0.050,0.200,0.350,0.150,-0.001,3.142,-0.000,-0.000,0.000,IDLE,1
55.432,MANUAL,0.000,0.000,0.600,0.050,0.200,0.350,0.150,-0.001,3.142,0.000,-0.000,0.000,IDLE,1
55.440,MANUAL,0.000,0.000,0.600,0.050,0.200,0.350,0.150,-0.001,3.142,0.000,-0.000,0.000,IDLE,1
55.448,MANUAL,0.000,0.000,0.600,0.050,0.200,0.350,0.150,-0.001,3.142,0.000,-0.000,0.000,IDLE,1
55.456,MANUAL,0.000,0.000,0.600,0.050,0.200,0.350,0.150,-0.001,3.142,0.000,0.000,0.000,IDLE,1
55.464,MANUAL,0.000,0.000,0.600,0.050,0.200,0.350,0.150,-0.001,3.142,0.000,0.000,0.000,IDLE,1
55.472,MANUAL,0.000,0.000,0.600,0.050,0.200,0.350,0.150,-0.001,3.142,0.000,0.000,0.000,IDLE,1
55.480,MANUAL,0.000,0.000,0.600,0.050,0.200,0.350,0.150,-0.001,3.142,-0.000,0.000,0.000,IDLE,1
55.488,MANUAL,0.000,0.000,0.600,0.050,0.200,0.350,0.150,-0.001,3.142,0.000,-0.000,0.000,IDLE,1
55.496,MANUAL,0.000,0.000,0.600,0.050,0.200,0.350,0.150,-0.001,3.142,0.000,-0.000,0.000,IDLE,1
55.504,MANUAL,0.000,0.000,0.600,0.050,0.200,0.350,0.150,-0.001,3.142,0.000,-0.000,0.000,IDLE,1
55.512,MANUAL,0.000,0.000,0.600,0.050,0.200,0.350,0.150,-0.001,3.142,0.000,-0.000,0.000,IDLE,1
55.520,MANUAL,0.000,0.000,0.600,0.050,0.200,0.350,0.150,-0.001,3.142,0.000,0.000,0.000,IDLE,1
55.528,MANUAL,0.000,0.000,0.600,0.050,0.200,0.350,0.150,-0.001,3.142,0.000,0.000,0.000,IDLE,1
55.536,MANUAL,0.000,0.000,0.600,0.050,0.200,0.350,0.150,-0.001,3.142,-0.000,-0.000,0.000,IDLE,1
55.544,MANUAL,0.000,0.000,0.600,0.050,0.200,0.350,0.150,-0.001,3.142,0.000,-0.000,0.000,IDLE,1
55.552,MANUAL,0.000,0.000,0.600,0.050,0.200,0.350,0.150,-0.001,3.142,0.000,-0.000,0.000,IDLE,1
55.560,MANUAL,0.000,0.000,0.600,0.050,0.200,0.350,0.150,-0.001,3.142,0.000,-0.000,0.000,IDLE,1
55.568,MANUAL,0.000,0.000,0.600,0.050,0.200,0.350,0.150,-0.001,3.142,0.000,-0.000,0.000,IDLE,1
55.576,MANUAL,0.000,0.000,0.600,0.050,0.200,0.350,0.150,-0.001,3.142,0.000,0.000,0.000,IDLE,1
55.584,MANUAL,0.000,0.000,0.600,0.050,0.200,0.350,0.150,-0.001,3.142,0.000,0.000,0.000,IDLE,1
55.592,MANUAL,0.000,0.000,0.600,0.050,0.200,0.350,0.150,-0.001,3.142,-0.000,0.000,0.000,IDLE,1
55.600,MANUAL,0.000,0.000,0.600,0.050,0.200,0.350,0.150,-0.001,3.142,-0.000,-0.000,0.000,IDLE,1
55.608,MANUAL,0.000,0.000,0.600,0.050,0.200,0.350,0.150,-0.001,3.142,0.000,-0.000,0.000,IDLE,1
55.616,MANUAL,0.000,0.000,0.600,0.050,0.200,0.350,0.150,-0.001,3.142,0.000,-0.000,0.000,IDLE,1
55.624,MANUAL,0.000,0.000,0.600,0.050,0.200,0.350,0.150,-0.001,3.142,0.000,-0.000,0.000,IDLE,1
55.632,MANUAL,0.000,0.000,0.600,0.050,0.200,0.350,0.150,-0.001,3.142,0.000,-0.000,0.000,IDLE,1
55.640,MANUAL,0.000,0.000,0.600,0.050,0.200,0.350,0.150,-0.001,3.142,0.000,0.000,0.000,IDLE,1
55.648,MANUAL,0.000,0.000,0.600,0.050,0.200,0.350,0.150,-0.001,3.142,-0.000,-0.000,0.000,IDLE,1
55.656,MANUAL,0.000,0.000,0.600,0.050,0.200,0.350,0.150,-0.001,3.142,-0.000,-0.000,0.000,IDLE,1
55.664,MANUAL,0.000,0.000,0.600,0.050,0.200,0.350,0.150,-0.001,3.142,0.000,-0.000,0.000,IDLE,1
55.672,MANUAL,0.000,0.000,0.600,0.050,0.200,0.350,0.150,-0.001,3.142,0.000,-0.000,0.000,IDLE,1
55.680,MANUAL,0.000,0.000,0.600,0.050,0.200,0.350,0.150,-0.001,3.142,0.000,-0.000,0.000,IDLE,1
55.688,MANUAL,0.000,0.000,0.600,0.050,0.200,0.350,0.150,-0.001,3.142,0.000,-0.000,0.000,IDLE,1
55.696,MANUAL,0.000,0.000,0.600,0.050,0.200,0.350,0.150,-0.001,3.142,0.000,0.000,0.000,IDLE,1
55.704,MANUAL,0.000,0.000,0.600,0.050,0.200,0.350,0.150,-0.001,3.142,-0.000,0.000,0.000,IDLE,1
55.712,MANUAL,0.000,0.000,0.600,0.050,0.200,0.350,0.150,-0.001,3.142,-0.000,-0.000,0.000,IDLE,1
55.720,MANUAL,0.000,0.000,0.600,0.050,0.200,0.350,0.150,-0.001,3.142,0.000,-0.000,0.000,IDLE,1
55.728,MANUAL,0.000,0.000,0.600,0.050,0.200,0.350,0.150,-0.001,3.142,0.000,-0.000,0.000,IDLE,1
55.736,MANUAL,0.000,0.000,0.600,0.050,0.200,0.350,0.150,-0.001,3.142,0.000,0.000,0.000,IDLE,1
55.744,MANUAL,0.000,0.000,0.600,0.050,0.200,0.350,0.150,-0.001,3.142,0.000,-0.000,0.000,IDLE,1
55.752,MANUAL,0.000,0.000,0.600,0.050,0.200,0.350,0.150,-0.001,3.142,0.000,-0.000,0.000,IDLE,1
55.760,MANUAL,0.000,0.000,0.600,0.050,0.200,0.350,0.150,-0.001,3.142,-0.000,-0.000,0.000,IDLE,1
55.768,MANUAL,0.000,0.000,0.600,0.050,0.200,0.350,0.150,-0.001,3.142,-0.000,-0.000,0.000,IDLE,1
55.776,MANUAL,0.000,0.000,0.600,0.050,0.200,0.350,0.150,-0.001,3.142,0.000,-0.000,0.000,IDLE,1
55.784,MANUAL,0.000,0.000,0.600,0.050,0.200,0.350,0.150,-0.001,3.142,0.000,-0.000,0.000,IDLE,1
55.792,MANUAL,0.000,0.000,0.600,0.050,0.200,0.350,0.150,-0.001,3.142,0.000,0.000,0.000,IDLE,1
55.800,MANUAL,0.000,0.000,0.600,0.050,0.200,0.350,0.150,-0.001,3.142,0.000,-0.000,0.000,IDLE,1
55.808,MANUAL,0.000,0.000,0.600,0.050,0.200,0.350,0.150,-0.001,3.142,0.000,-0.000,0.000,IDLE,1
55.816,MANUAL,0.000,0.000,0.600,0.050,0.200,0.350,0.150,-0.001,3.142,-0.000,0.000,0.000,IDLE,1
55.824,MANUAL,0.000,0.000,0.600,0.050,0.200,0.350,0.150,-0.001,3.142,-0.000,-0.000,0.000,IDLE,1
55.832,MANUAL,0.000,0.000,0.600,0.050,0.200,0.350,0.150,-0.001,3.142,0.000,-0.000,0.000,IDLE,1
55.840,MANUAL,0.000,0.000,0.600,0.050,0.200,0.350,0.150,-0.001,3.142,0.000,-0.000,0.000,IDLE,1
55.848,MANUAL,0.000,0.000,0.600,0.050,0.200,0.350,0.150,-0.001,3.142,0.000,0.000,0.000,IDLE,1
55.856,MANUAL,0.000,0.000,0.600,0.050,0.200,0.350,0.150,-0.001,3.142,0.000,0.000,0.000,IDLE,1
55.864,MANUAL,0.000,0.000,0.600,0.050,0.200,0.350,0.150,-0.001,3.142,0.000,-0.000,0.000,IDLE,1
55.872,MANUAL,0.000,0.000,0.600,0.050,0.200,0.350,0.150,-0.001,3.142,-0.000,-0.000,0.000,IDLE,1
55.880,MANUAL,0.000,0.000,0.600,0.050,0.200,0.350,0.150,-0.001,3.142,-0.000,-0.000,0.000,IDLE,1
55.888,MANUAL,0.000,0.000,0.600,0.050,0.200,0.350,0.150,-0.001,3.142,0.000,-0.000,0.000,IDLE,1
55.896,MANUAL,0.000,0.000,0.600,0.050,0.200,0.350,0.150,-0.001,3.142,0.000,-0.000,0.000,IDLE,1
55.904,MANUAL,0.000,0.000,0.600,0.050,0.200,0.350,0.150,-0.001,3.142,0.000,0.000,0.000,IDLE,1
55.912,MANUAL,0.000,0.000,0.600,0.050,0.200,0.350,0.150,-0.001,3.142,0.000,0.000,0.000,IDLE,1
55.920,MANUAL,0.000,0.000,0.600,0.050,0.200,0.350,0.150,-0.001,3.142,0.000,0.000,0.000,IDLE,1
55.928,MANUAL,0.000,0.000,0.600,0.050,0.200,0.350,0.150,-0.001,3.142,-0.000,-0.000,0.000,IDLE,1
55.936,MANUAL,0.000,0.000,0.600,0.050,0.200,0.350,0.150,-0.001,3.142,-0.000,-0.000,0.000,IDLE,1
55.944,MANUAL,0.000,0.000,0.600,0.050,0.200,0.350,0.150,-0.001,3.142,0.000,-0.000,0.000,IDLE,1
55.952,MANUAL,0.000,0.000,0.600,0.050,0.200,0.350,0.150,-0.001,3.142,0.000,-0.000,0.000,IDLE,1
55.960,MANUAL,0.000,0.000,0.600,0.050,0.200,0.350,0.150,-0.001,3.142,0.000,0.000,0.000,IDLE,1
55.968,MANUAL,0.000,0.000,0.600,0.050,0.200,0.350,0.150,-0.001,3.142,0.000,0.000,0.000,IDLE,1
55.976,MANUAL,0.000,0.000,0.600,0.050,0.200,0.350,0.150,-0.001,3.142,0.000,0.000,0.000,IDLE,1
55.984,MANUAL,0.000,0.000,0.600,0.050,0.200,0.350,0.150,-0.001,3.142,0.000,-0.000,0.000,IDLE,1
55.992,MANUAL,0.000,0.000,0.600,0.050,0.200,0.350,0.150,-0.001,3.142,-0.000,-0.000,0.000,IDLE,1
56.000,MANUAL,0.000,0.000,0.600,0.050,0.200,0.350,0.150,-0.001,3.142,0.000,-0.000,0.000,IDLE,1
56.008,MANUAL,0.000,0.000,0.600,0.050,0.200,0.350,0.150,-0.001,3.142,0.000,-0.000,0.000,IDLE,1
56.016,MANUAL,0.000,0.000,0.600,0.050,0.200,0.350,0.150,-0.001,3.142,0.000,0.000,0.000,IDLE,1
56.024,MANUAL,0.000,0.000,0.600,0.050,0.200,0.350,0.150,-0.001,3.142,0.000,0.000,0.000,IDLE,1
56.032,MANUAL,0.000,0.000,0.600,0.050,0.200,0.350,0.150,-0.001,3.142,0.000,0.000,0.000,IDLE,1
56.040,MANUAL,0.000,0.000,0.600,0.050,0.200,0.350,0.150,-0.001,3.142,0.000,0.000,0.000,IDLE,1
56.048,MANUAL,0.000,0.000,0.600,0.050,0.200,0.350,0.150,-0.001,3.142,-0.000,-0.000,0.000,IDLE,1
56.056,MANUAL,0.000,0.000,0.600,0.050,0.200,0.350,0.150,-0.001,3.142,0.000,-0.000,0.000,IDLE,1
56.064,MANUAL,0.000,0.000,0.600,0.050,0.200,0.350,0.150,-0.001,3.142,0.000,-0.000,0.000,IDLE,1
56.072,MANUAL,0.000,0.000,0.600,0.050,0.200,0.350,0.150,-0.001,3.142,0.000,0.000,0.000,IDLE,1
56.080,MANUAL,0.000,0.000,0.600,0.050,0.200,0.350,0.150,-0.001,3.142,0.000,0.000,0.000,IDLE,1
56.088,MANUAL,0.000,0.000,0.600,0.050,0.200,0.350,0.150,-0.001,3.142,0.000,0.000,0.000,IDLE,1
56.096,MANUAL,0.000,0.000,0.600,0.050,0.200,0.350,0.150,-0.001,3.142,0.000,0.000,0.000,IDLE,1
56.104,MANUAL,0.000,0.000,0.600,0.050,0.200,0.350,0.150,-0.001,3.142,-0.000,-0.000,0.000,IDLE,1
56.112,MANUAL,0.000,0.000,0.600,0.050,0.200,0.350,0.150,-0.001,3.142,-0.000,-0.000,0.000,IDLE,1
56.120,MANUAL,0.000,0.000,0.600,0.050,0.200,0.350,0.150,-0.001,3.142,0.000,-0.000,0.000,IDLE,1
56.128,MANUAL,0.000,0.000,0.600,0.050,0.200,0.350,0.150,-0.001,3.142,0.000,-0.000,0.000,IDLE,1
56.136,MANUAL,0.000,0.000,0.600,0.050,0.200,0.350,0.150,-0.001,3.142,0.000,0.000,0.000,IDLE,1
56.144,MANUAL,0.000,0.000,0.600,0.050,0.200,0.350,0.150,-0.001,3.142,0.000,0.000,0.000,IDLE,1
56.152,MANUAL,0.000,0.000,0.600,0.050,0.200,0.350,0.150,-0.001,3.142,0.000,0.000,0.000,IDLE,1
56.160,MANUAL,0.000,0.000,0.600,0.050,0.200,0.350,0.150,-0.001,3.142,-0.000,-0.000,0.000,IDLE,1
56.168,MANUAL,0.000,0.000,0.600,0.050,0.200,0.350,0.150,-0.001,3.142,-0.000,-0.000,0.000,IDLE,1
56.176,MANUAL,0.000,0.000,0.600,0.050,0.200,0.350,0.150,-0.001,3.142,0.000,-0.000,0.000,IDLE,1
56.184,MANUAL,0.000,0.000,0.600,0.050,0.200,0.350,0.150,-0.001,3.142,0.000,-0.000,0.000,IDLE,1
56.192,MANUAL,0.000,0.000,0.600,0.050,0.200,0.350,0.150,-0.001,3.142,0.000,0.000,0.000,IDLE,1
56.200,MANUAL,0.000,0.000,0.600,0.050,0.200,0.350,0.150,-0.001,3.142,0.000,0.000,0.000,IDLE,1
56.208,MANUAL,0.000,0.000,0.600,0.050,0.200,0.350,0.150,-0.001,3.142,0.000,0.000,0.000,IDLE,1
56.216,MANUAL,0.000,0.000,0.600,0.050,0.200,0.350,0.150,-0.001,3.142,-0.000,0.000,0.000,IDLE,1
56.224,MANUAL,0.000,0.000,0.600,0.050,0.200,0.350,0.150,-0.001,3.142,-0.000,-0.000,0.000,IDLE,1
56.232,MANUAL,0.000,0.000,0.600,0.050,0.200,0.350,0.150,-0.001,3.142,0.000,-0.000,0.000,IDLE,1
56.240,MANUAL,0.000,0.000,0.600,0.050,0.200,0.350,0.150,-0.001,3.142,-0.000,-0.000,0.000,IDLE,1
56.248,MANUAL,0.000,0.000,0.600,0.050,0.200,0.350,0.150,-0.001,3.142,0.000,0.000,0.000,IDLE,1
56.256,MANUAL,0.000,0.000,0.600,0.050,0.200,0.350,0.150,-0.001,3.142,0.000,0.000,0.000,IDLE,1
56.264,MANUAL,0.000,0.000,0.600,0.050,0.200,0.350,0.150,-0.001,3.142,0.000,0.000,0.000,IDLE,1
56.272,MANUAL,0.000,0.000,0.600,0.050,0.200,0.350,0.150,-0.001,3.142,-0.000,-0.000,0.000,IDLE,1
56.280,MANUAL,0.000,0.000,0.600,0.050,0.200,0.350,0.150,-0.001,3.142,-0.000,-0.000,0.000,IDLE,1
56.288,MANUAL,0.000,0.000,0.600,0.050,0.200,0.350,0.150,-0.001,3.142,0.000,-0.000,0.000,IDLE,1
56.296,MANUAL,0.000,0.000,0.600,0.050,0.200,0.350,0.150,-0.001,3.142,0.000,-0.000,0.000,IDLE,1
56.304,MANUAL,0.000,0.000,0.600,0.050,0.200,0.350,0.150,-0.001,3.142,0.000,-0.000,0.000,IDLE,1
56.312,MANUAL,0.000,0.000,0.600,0.050,0.200,0.350,0.150,-0.001,3.142,0.000,0.000,0.000,IDLE,1
56.320,MANUAL,0.000,0.000,0.600,0.050,0.200,0.350,0.150,-0.001,3.142,0.000,0.000,0.000,IDLE,1
56.328,MANUAL,0.000,0.000,0.600,0.050,0.200,0.350,0.150,-0.001,3.142,-0.000,0.000,0.000,IDLE,1
56.336,MANUAL,0.000,0.000,0.600,0.050,0.200,0.350,0.150,-0.001,3.142,-0.000,-0.000,0.000,IDLE,1
56.344,MANUAL,0.000,0.000,0.600,0.050,0.200,0.350,0.150,-0.001,3.142,0.000,-0.000,0.000,IDLE,1
56.352,MANUAL,0.000,0.000,0.600,0.050,0.200,0.350,0.150,-0.001,3.142,0.000,-0.000,0.000,IDLE,1
56.360,MANUAL,0.000,0.000,0.600,0.050,0.200,0.350,0.150,-0.001,3.142,0.000,-0.000,0.000,IDLE,1
56.368,MANUAL,0.000,0.000,0.600,0.050,0.200,0.350,0.150,-0.001,3.142,0.000,-0.000,0.000,IDLE,1
56.376,MANUAL,0.000,0.000,0.600,0.050,0.200,0.350,0.150,-0.001,3.142,0.000,0.000,0.000,IDLE,1
56.384,MANUAL,0.000,0.000,0.600,0.050,0.200,0.350,0.150,-0.001,3.142,0.000,0.000,0.000,IDLE,1
56.392,MANUAL,0.000,0.000,0.600,0.050,0.200,0.350,0.150,-0.001,3.142,-0.000,0.000,0.000,IDLE,1
56.400,MANUAL,0.000,0.000,0.600,0.050,0.200,0.350,0.150,-0.001,3.142,0.000,-0.000,0.000,IDLE,1
56.408,MANUAL,0.000,0.000,0.600,0.050,0.200,0.350,0.150,-0.001,3.142,0.000,-0.000,0.000,IDLE,1
56.416,MANUAL,0.000,0.000,0.600,0.050,0.200,0.350,0.150,-0.001,3.142,0.000,0.000,0.000,IDLE,1
56.424,MANUAL,0.000,0.000,0.600,0.050,0.200,0.350,0.150,-0.001,3.142,0.000,-0.000,0.000,IDLE,1
56.432,MANUAL,0.000,0.000,0.600,0.050,0.200,0.350,0.150,-0.001,3.142,0.000,-0.000,0.000,IDLE,1
56.440,MANUAL,0.000,0.000,0.600,0.050,0.200,0.350,0.150,-0.001,3.142,0.000,0.000,0.000,IDLE,1
56.448,MANUAL,0.000,0.000,0.600,0.050,0.200,0.350,0.150,-0.001,3.142,-0.000,0.000,0.000,IDLE,1
56.456,MANUAL,0.000,0.000,0.600,0.050,0.200,0.350,0.150,-0.001,3.142,0.000,-0.000,0.000,IDLE,1
56.464,MANUAL,0.000,0.000,0.600,0.050,0.200,0.350,0.150,-0.001,3.142,0.000,-0.000,0.000,IDLE,1
56.472,MANUAL,0.000,0.000,0.600,0.050,0.200,0.350,0.150,-0.001,3.142,0.000,0.000,0.000,IDLE,1
56.480,MANUAL,0.000,0.000,0.600,0.050,0.200,0.350,0.150,-0.001,3.142,0.000,0.000,0.000,IDLE,1
56.488,MANUAL,0.000,0.000,0.600,0.050,0.200,0.350,0.150,-0.001,3.142,0.000,-0.000,0.000,IDLE,1
56.496,MANUAL,0.000,0.000,0.600,0.050,0.200,0.350,0.150,-0.001,3.142,0.000,-0.000,0.000,IDLE,1
56.504,MANUAL,0.000,0.000,0.600,0.050,0.200,0.350,0.150,-0.001,3.142,-0.000,0.000,0.000,IDLE,1
56.512,MANUAL,0.000,0.000,0.600,0.050,0.200,0.350,0.150,-0.001,3.142,-0.000,-0.000,0.000,IDLE,1
56.520,MANUAL,0.000,0.000,0.600,0.050,0.200,0.350,0.150,-0.001,3.142,0.000,0.000,0.000,IDLE,1
56.528,MANUAL,0.000,0.000,0.600,0.050,0.200,0.350,0.150,-0.001,3.142,0.000,-0.000,0.000,IDLE,1
56.536,MANUAL,0.000,0.000,0.600,0.050,0.200,0.350,0.150,-0.001,3.142,0.000,0.000,0.000,IDLE,1
56.544,MANUAL,0.000,0.000,0.600,0.050,0.200,0.350,0.150,-0.001,3.142,0.000,0.000,0.000,IDLE,1
56.552,MANUAL,0.000,0.000,0.600,0.050,0.200,0.350,0.150,-0.001,3.142,0.000,-0.000,0.000,IDLE,1
56.560,MANUAL,0.000,0.000,0.600,0.050,0.200,0.350,0.150,-0.001,3.142,-0.000,-0.000,0.000,IDLE,1
56.568,MANUAL,0.000,0.000,0.600,0.050,0.200,0.350,0.150,-0.001,3.142,-0.000,-0.000,0.000,IDLE,1
56.576,MANUAL,0.000,0.000,0.600,0.050,0.200,0.350,0.150,-0.001,3.142,0.000,-0.000,0.000,IDLE,1
56.584,MANUAL,0.000,0.000,0.600,0.050,0.200,0.350,0.150,-0.001,3.142,0.000,-0.000,0.000,IDLE,1
56.592,MANUAL,0.000,0.000,0.600,0.050,0.200,0.350,0.150,-0.001,3.142,0.000,0.000,0.000,IDLE,1
56.600,MANUAL,0.000,0.000,0.600,0.050,0.200,0.350,0.150,-0.001,3.142,0.000,0.000,0.000,IDLE,1
56.608,MANUAL,0.000,0.000,0.600,0.050,0.200,0.350,0.150,-0.001,3.142,0.000,0.000,0.000,IDLE,1
56.616,MANUAL,0.000,0.000,0.600,0.050,0.200,0.350,0.150,-0.001,3.142,-0.000,-0.000,0.000,IDLE,1
56.624,MANUAL,0.000,0.000,0.600,0.050,0.200,0.350,0.150,-0.001,3.142,-0.000,-0.000,0.000,IDLE,1
56.632,MANUAL,0.000,0.000,0.600,0.050,0.200,0.350,0.150,-0.001,3.142,0.000,-0.000,0.000,IDLE,1
56.640,MANUAL,0.000,0.000,0.600,0.050,0.200,0.350,0.150,-0.001,3.142,0.000,-0.000,0.000,IDLE,1
56.648,MANUAL,0.000,0.000,0.600,0.050,0.200,0.350,0.150,-0.001,3.142,0.000,0.000,0.000,IDLE,1
56.656,MANUAL,0.000,0.000,0.600,0.050,0.200,0.350,0.150,-0.001,3.142,0.000,0.000,0.000,IDLE,1
56.664,MANUAL,0.000,0.000,0.600,0.050,0.200,0.350,0.150,-0.001,3.142,0.000,0.000,0.000,IDLE,1
56.672,MANUAL,0.000,0.000,0.600,0.050,0.200,0.350,0.150,-0.001,3.142,-0.000,-0.000,0.000,IDLE,1
56.680,MANUAL,0.000,0.000,0.600,0.050,0.200,0.350,0.150,-0.001,3.142,-0.000,-0.000,0.000,IDLE,1
56.688,MANUAL,0.000,0.000,0.600,0.050,0.200,0.350,0.150,-0.001,3.142,0.000,-0.000,0.000,IDLE,1
56.696,MANUAL,0.000,0.000,0.600,0.050,0.200,0.350,0.150,-0.001,3.142,0.000,-0.000,0.000,IDLE,1
56.704,MANUAL,0.000,0.000,0.600,0.050,0.200,0.350,0.150,-0.001,3.142,0.000,0.000,0.000,IDLE,1
56.712,MANUAL,0.000,0.000,0.600,0.050,0.200,0.350,0.150,-0.001,3.142,0.000,0.000,0.000,IDLE,1
56.720,MANUAL,0.000,0.000,0.600,0.050,0.200,0.350,0.150,-0.001,3.142,0.000,0.000,0.000,IDLE,1
56.728,MANUAL,0.000,0.000,0.600,0.050,0.200,0.350,0.150,-0.001,3.142,-0.000,0.000,0.000,IDLE,1
56.736,MANUAL,0.000,0.000,0.600,0.050,0.200,0.350,0.150,-0.001,3.142,-0.000,-0.000,0.000,IDLE,1
56.744,MANUAL,0.000,0.000,0.600,0.050,0.200,0.350,0.150,-0.001,3.142,0.000,-0.000,0.000,IDLE,1
56.752,MANUAL,0.000,0.000,0.600,0.050,0.200,0.350,0.150,-0.001,3.142,0.000,-0.000,0.000,IDLE,1
56.760,MANUAL,0.000,0.000,0.600,0.050,0.200,0.350,0.150,-0.001,3.142,0.000,0.000,0.000,IDLE,1
56.768,MANUAL,0.000,0.000,0.600,0.050,0.200,0.350,0.150,-0.001,3.142,0.000,0.000,0.000,IDLE,1
56.776,MANUAL,0.000,0.000,0.600,0.050,0.200,0.350,0.150,-0.001,3.142,0.000,0.000,0.000,IDLE,1
56.784,MANUAL,0.000,0.000,0.600,0.050,0.200,0.350,0.150,-0.001,3.142,0.000,0.000,0.000,IDLE,1
56.792,MANUAL,0.000,0.000,0.600,0.050,0.200,0.350,0.150,-0.001,3.142,-0.000,0.000,0.000,IDLE,1
56.800,MANUAL,0.000,0.000,0.600,0.050,0.200,0.350,0.150,-0.001,3.142,0.000,-0.000,0.000,IDLE,1
56.808,MANUAL,0.000,0.000,0.600,0.050,0.200,0.350,0.150,-0.001,3.142,0.000,-0.000,0.000,IDLE,1
56.816,MANUAL,0.000,0.000,0.600,0.050,0.200,0.350,0.150,-0.001,3.142,0.000,-0.000,0.000,IDLE,1
56.824,MANUAL,0.000,0.000,0.600,0.050,0.200,0.350,0.150,-0.001,3.142,0.000,0.000,0.000,IDLE,1
56.832,MANUAL,0.000,0.000,0.600,0.050,0.200,0.350,0.150,-0.001,3.142,0.000,0.000,0.000,IDLE,1
56.840,MANUAL,0.000,0.000,0.600,0.050,0.200,0.350,0.150,-0.001,3.142,0.000,0.000,0.000,IDLE,1
56.848,MANUAL,0.000,0.000,0.600,0.050,0.200,0.350,0.150,-0.001,3.142,-0.000,0.000,0.000,IDLE,1
56.856,MANUAL,0.000,0.000,0.600,0.050,0.200,0.350,0.150,-0.001,3.142,-0.000,-0.000,0.000,IDLE,1
56.864,MANUAL,0.000,0.000,0.600,0.050,0.200,0.350,0.150,-0.001,3.142,0.000,-0.000,0.000,IDLE,1
56.872,MANUAL,0.000,0.000,0.600,0.050,0.200,0.350,0.150,-0.001,3.142,0.000,-0.000,0.000,IDLE,1
56.880,MANUAL,0.000,0.000,0.600,0.050,0.200,0.350,0.150,-0.001,3.142,0.000,-0.000,0.000,IDLE,1
56.888,MANUAL,0.000,0.000,0.600,0.050,0.200,0.350,0.150,-0.001,3.142,0.000,0.000,0.000,IDLE,1
56.896,MANUAL,0.000,0.000,0.600,0.050,0.200,0.350,0.150,-0.001,3.142,0.000,0.000,0.000,IDLE,1
56.904,MANUAL,0.000,0.000,0.600,0.050,0.200,0.350,0.150,-0.001,3.142,-0.000,0.000,0.000,IDLE,1
56.912,MANUAL,0.000,0.000,0.600,0.050,0.200,0.350,0.150,-0.001,3.142,-0.000,-0.000,0.000,IDLE,1
56.920,MANUAL,0.000,0.000,0.600,0.050,0.200,0.350,0.150,-0.001,3.142,0.000,-0.000,0.000,IDLE,1
56.928,MANUAL,0.000,0.000,0.600,0.050,0.200,0.350,0.150,-0.001,3.142,0.000,-0.000,0.000,IDLE,1
56.936,MANUAL,0.000,0.000,0.600,0.050,0.200,0.350,0.150,-0.001,3.142,0.000,-0.000,0.000,IDLE,1
56.944,MANUAL,0.000,0.000,0.600,0.050,0.200,0.350,0.150,-0.001,3.142,0.000,-0.000,0.000,IDLE,1
56.952,MANUAL,0.000,0.000,0.600,0.050,0.200,0.350,0.150,-0.001,3.142,0.000,0.000,0.000,IDLE,1
56.960,MANUAL,0.000,0.000,0.600,0.050,0.200,0.350,0.150,-0.001,3.142,-0.000,0.000,0.000,IDLE,1
56.968,MANUAL,0.000,0.000,0.600,0.050,0.200,0.350,0.150,-0.001,3.142,-0.000,-0.000,0.000,IDLE,1
56.976,MANUAL,0.000,0.000,0.600,0.050,0.200,0.350,0.150,-0.001,3.142,0.000,-0.000,0.000,IDLE,1
56.984,MANUAL,0.000,0.000,0.600,0.050,0.200,0.350,0.150,-0.001,3.142,0.000,-0.000,0.000,IDLE,1
56.992,MANUAL,0.000,0.000,0.600,0.050,0.200,0.350,0.150,-0.001,3.142,0.000,0.000,0.000,IDLE,1
57.000,MANUAL,0.000,0.000,0.600,0.050,0.200,0.350,0.150,-0.001,3.142,0.000,-0.000,0.000,IDLE,1
57.008,MANUAL,0.000,0.000,0.600,0.050,0.200,0.350,0.150,-0.001,3.142,0.000,-0.000,0.000,IDLE,1
57.016,MANUAL,0.000,0.000,0.600,0.050,0.200,0.350,0.150,-0.001,3.142,-0.000,0.000,0.000,IDLE,1
57.024,MANUAL,0.000,0.000,0.600,0.050,0.200,0.350,0.150,-0.001,3.142,-0.000,-0.000,0.000,IDLE,1
57.032,MANUAL,0.000,0.000,0.600,0.050,0.200,0.350,0.150,-0.001,3.142,0.000,0.000,0.000,IDLE,1
57.040,MANUAL,0.000,0.000,0.600,0.050,0.200,0.350,0.150,-0.001,3.142,0.000,-0.000,0.000,IDLE,1
57.048,MANUAL,0.000,0.000,0.600,0.050,0.200,0.350,0.150,-0.001,3.142,0.000,0.000,0.000,IDLE,1
57.056,MANUAL,0.000,0.000,0.600,0.050,0.200,0.350,0.150,-0.001,3.142,0.000,0.000,0.000,IDLE,1
57.064,MANUAL,0.000,0.000,0.600,0.050,0.200,0.350,0.150,-0.001,3.142,0.000,-0.000,0.000,IDLE,1
57.072,MANUAL,0.000,0.000,0.600,0.050,0.200,0.350,0.150,-0.001,3.142,-0.000,-0.000,0.000,IDLE,1
57.080,MANUAL,0.000,0.000,0.600,0.050,0.200,0.350,0.150,-0.001,3.142,-0.000,-0.000,0.000,IDLE,1
57.088,MANUAL,0.000,0.000,0.600,0.050,0.200,0.350,0.150,-0.001,3.142,0.000,0.000,0.000,IDLE,1
57.096,MANUAL,0.000,0.000,0.600,0.050,0.200,0.350,0.150,-0.001,3.142,0.000,-0.000,0.000,IDLE,1
57.104,MANUAL,0.000,0.000,0.600,0.050,0.200,0.350,0.150,-0.001,3.142,0.000,0.000,0.000,IDLE,1
57.112,MANUAL,0.000,0.000,0.600,0.050,0.200,0.350,0.150,-0.001,3.142,0.000,0.000,0.000,IDLE,1
57.120,MANUAL,0.000,0.000,0.600,0.050,0.200,0.350,0.150,-0.001,3.142,0.000,0.000,0.000,IDLE,1
57.128,MANUAL,0.000,0.000,0.600,0.050,0.200,0.350,0.150,-0.001,3.142,0.000,-0.000,0.000,IDLE,1
57.136,MANUAL,0.000,0.000,0.600,0.050,0.200,0.350,0.150,-0.001,3.142,-0.000,-0.000,0.000,IDLE,1
57.144,MANUAL,0.000,0.000,0.600,0.050,0.200,0.350,0.150,-0.001,3.142,0.000,-0.000,0.000,IDLE,1
57.152,MANUAL,0.000,0.000,0.600,0.050,0.200,0.350,0.150,-0.001,3.142,0.000,-0.000,0.000,IDLE,1
57.160,MANUAL,0.000,0.000,0.600,0.050,0.200,0.350,0.150,-0.001,3.142,0.000,0.000,0.000,IDLE,1
57.168,MANUAL,0.000,0.000,0.600,0.050,0.200,0.350,0.150,-0.001,3.142,0.000,0.000,0.000,IDLE,1
57.176,MANUAL,0.000,0.000,0.600,0.050,0.200,0.350,0.150,-0.001,3.142,0.000,0.000,0.000,IDLE,1
57.184,MANUAL,0.000,0.000,0.600,0.050,0.200,0.350,0.150,-0.001,3.142,0.000,0.000,0.000,IDLE,1
57.192,MANUAL,0.000,0.000,0.600,0.050,0.200,0.350,0.150,-0.001,3.142,-0.000,-0.000,0.000,IDLE,1
57.200,MANUAL,0.000,0.000,0.600,0.050,0.200,0.350,0.150,-0.001,3.142,-0.000,-0.000,0.000,IDLE,1
57.208,MANUAL,0.000,0.000,0.600,0.050,0.200,0.350,0.150,-0.001,3.142,0.000,-0.000,0.000,IDLE,1
57.216,MANUAL,0.000,0.000,0.600,0.050,0.200,0.350,0.150,-0.001,3.142,0.000,-0.000,0.000,IDLE,1
57.224,MANUAL,0.000,0.000,0.600,0.050,0.200,0.350,0.150,-0.001,3.142,0.000,0.000,0.000,IDLE,1
57.232,MANUAL,0.000,0.000,0.600,0.050,0.200,0.350,0.150,-0.001,3.142,0.000,0.000,0.000,IDLE,1
57.240,MANUAL,0.000,0.000,0.600,0.050,0.200,0.350,0.150,-0.001,3.142,0.000,0.000,0.000,IDLE,1
57.248,MANUAL,0.000,0.000,0.600,0.050,0.200,0.350,0.150,-0.001,3.142,-0.000,-0.000,0.000,IDLE,1
57.256,MANUAL,0.000,0.000,0.600,0.050,0.200,0.350,0.150,-0.001,3.142,0.000,-0.000,0.000,IDLE,1
57.264,MANUAL,0.000,0.000,0.600,0.050,0.200,0.350,0.150,-0.001,3.142,-0.000,-0.000,0.000,IDLE,1
57.272,MANUAL,0.000,0.000,0.600,0.050,0.200,0.350,0.150,-0.001,3.142,0.000,-0.000,0.000,IDLE,1
57.280,MANUAL,0.000,0.000,0.600,0.050,0.200,0.350,0.150,-0.001,3.142,0.000,0.000,0.000,IDLE,1
57.288,MANUAL,0.000,0.000,0.600,0.050,0.200,0.350,0.150,-0.001,3.142,0.000,0.000,0.000,IDLE,1
57.296,MANUAL,0.000,0.000,0.600,0.050,0.200,0.350,0.150,-0.001,3.142,0.000,0.000,0.000,IDLE,1
57.304,MANUAL,0.000,0.000,0.600,0.050,0.200,0.350,0.150,-0.001,3.142,-0.000,0.000,0.000,IDLE,1
57.312,MANUAL,0.000,0.000,0.600,0.050,0.200,0.350,0.150,-0.001,3.142,-0.000,-0.000,0.000,IDLE,1
57.320,MANUAL,0.000,0.000,0.600,0.050,0.200,0.350,0.150,-0.001,3.142,0.000,-0.000,0.000,IDLE,1
57.328,MANUAL,0.000,0.000,0.600,0.050,0.200,0.350,0.150,-0.001,3.142,0.000,-0.000,0.000,IDLE,1
57.336,MANUAL,0.000,0.000,0.600,0.050,0.200,0.350,0.150,-0.001,3.142,0.000,-0.000,0.000,IDLE,1
57.344,MANUAL,0.000,0.000,0.600,0.050,0.200,0.350,0.150,-0.001,3.142,0.000,0.000,0.000,IDLE,1
57.352,MANUAL,0.000,0.000,0.600,0.050,0.200,0.350,0.150,-0.001,3.142,0.000,0.000,0.000,IDLE,1
57.360,MANUAL,0.000,0.000,0.600,0.050,0.200,0.350,0.150,-0.001,3.142,-0.000,0.000,0.000,IDLE,1
57.368,MANUAL,0.000,0.000,0.600,0.050,0.200,0.350,0.150,-0.001,3.142,-0.000,-0.000,0.000,IDLE,1
57.376,MANUAL,0.000,0.000,0.600,0.050,0.200,0.350,0.150,-0.001,3.142,0.000,-0.000,0.000,IDLE,1
57.384,MANUAL,0.000,0.000,0.600,0.050,0.200,0.350,0.150,-0.001,3.142,0.000,-0.000,0.000,IDLE,1
57.392,MANUAL,0.000,0.000,0.600,0.050,0.200,0.350,0.150,-0.001,3.142,0.000,-0.000,0.000,IDLE,1
57.400,MANUAL,0.000,0.000,0.600,0.050,0.200,0.350,0.150,-0.001,3.142,0.000,-0.000,0.000,IDLE,1
57.408,MANUAL,0.000,0.000,0.600,0.050,0.200,0.350,0.150,-0.001,3.142,0.000,0.000,0.000,IDLE,1
57.416,MANUAL,0.000,0.000,0.600,0.050,0.200,0.350,0.150,-0.001,3.142,0.000,0.000,0.000,IDLE,1
57.424,MANUAL,0.000,0.000,0.600,0.050,0.200,0.350,0.150,-0.001,3.142,-0.000,0.000,0.000,IDLE,1
57.432,MANUAL,0.000,0.000,0.600,0.050,0.200,0.350,0.150,-0.001,3.142,0.000,-0.000,0.000,IDLE,1
57.440,MANUAL,0.000,0.000,0.600,0.050,0.200,0.350,0.150,-0.001,3.142,0.000,-0.000,0.000,IDLE,1
57.448,MANUAL,0.000,0.000,0.600,0.050,0.200,0.350,0.150,-0.001,3.142,0.000,0.000,0.000,IDLE,1
57.456,MANUAL,0.000,0.000,0.600,0.050,0.200,0.350,0.150,-0.001,3.142,0.000,-0.000,0.000,IDLE,1
57.464,MANUAL,0.000,0.000,0.600,0.050,0.200,0.350,0.150,-0.001,3.142,0.000,-0.000,0.000,IDLE,1
57.472,MANUAL,0.000,0.000,0.600,0.050,0.200,0.350,0.150,-0.001,3.142,0.000,0.000,0.000,IDLE,1
57.480,MANUAL,0.000,0.000,0.600,0.050,0.200,0.350,0.150,-0.001,3.142,-0.000,0.000,0.000,IDLE,1
57.488,MANUAL,0.000,0.000,0.600,0.050,0.200,0.350,0.150,-0.001,3.142,-0.000,-0.000,0.000,IDLE,1
57.496,MANUAL,0.000,0.000,0.600,0.050,0.200,0.350,0.150,-0.001,3.142,0.000,0.000,0.000,IDLE,1
57.504,MANUAL,0.000,0.000,0.600,0.050,0.200,0.350,0.150,-0.001,3.142,0.000,-0.000,0.000,IDLE,1
57.512,MANUAL,0.000,0.000,0.600,0.050,0.200,0.350,0.150,-0.001,3.142,0.000,0.000,0.000,IDLE,1
57.520,MANUAL,0.000,0.000,0.600,0.050,0.200,0.350,0.150,-0.001,3.142,0.000,-0.000,0.000,IDLE,1
57.528,MANUAL,0.000,0.000,0.600,0.050,0.200,0.350,0.150,-0.001,3.142,0.000,-0.000,0.000,IDLE,1
57.536,MANUAL,0.000,0.000,0.600,0.050,0.200,0.350,0.150,-0.001,3.142,-0.000,0.000,0.000,IDLE,1
57.544,MANUAL,0.000,0.000,0.600,0.050,0.200,0.350,0.150,-0.001,3.142,-0.000,-0.000,0.000,IDLE,1
57.552,MANUAL,0.000,0.000,0.600,0.050,0.200,0.350,0.150,-0.001,3.142,0.000,-0.000,0.000,IDLE,1
57.560,MANUAL,0.000,0.000,0.600,0.050,0.200,0.350,0.150,-0.001,3.142,0.000,-0.000,0.000,IDLE,1
57.568,MANUAL,0.000,0.000,0.600,0.050,0.200,0.350,0.150,-0.001,3.142,0.000,0.000,0.000,IDLE,1
57.576,MANUAL,0.000,0.000,0.600,0.050,0.200,0.350,0.150,-0.001,3.142,0.000,0.000,0.000,IDLE,1
57.584,MANUAL,0.000,0.000,0.600,0.050,0.200,0.350,0.150,-0.001,3.142,0.000,-0.000,0.000,IDLE,1
57.592,MANUAL,0.000,0.000,0.600,0.050,0.200,0.350,0.150,-0.001,3.142,-0.000,-0.000,0.000,IDLE,1
57.600,MANUAL,0.000,0.000,0.600,0.050,0.200,0.350,0.150,-0.001,3.142,-0.000,-0.000,0.000,IDLE,1
57.608,MANUAL,0.000,0.000,0.600,0.050,0.200,0.350,0.150,-0.001,3.142,0.000,0.000,0.000,IDLE,1
57.616,MANUAL,0.000,0.000,0.600,0.050,0.200,0.350,0.150,-0.001,3.142,0.000,-0.000,0.000,IDLE,1
57.624,MANUAL,0.000,0.000,0.600,0.050,0.200,0.350,0.150,-0.001,3.142,0.000,0.000,0.000,IDLE,1
57.632,MANUAL,0.000,0.000,0.600,0.050,0.200,0.350,0.150,-0.001,3.142,0.000,0.000,0.000,IDLE,1
57.640,MANUAL,0.000,0.000,0.600,0.050,0.200,0.350,0.150,-0.001,3.142,0.000,0.000,0.000,IDLE,1
57.648,MANUAL,0.000,0.000,0.600,0.050,0.200,0.350,0.150,-0.001,3.142,0.000,-0.000,0.000,IDLE,1
57.656,MANUAL,0.000,0.000,0.600,0.050,0.200,0.350,0.150,-0.001,3.142,-0.000,-0.000,0.000,IDLE,1
57.664,MANUAL,0.000,0.000,0.600,0.050,0.200,0.350,0.150,-0.001,3.142,0.000,-0.000,0.000,IDLE,1
57.672,MANUAL,0.000,0.000,0.600,0.050,0.200,0.350,0.150,-0.001,3.142,0.000,-0.000,0.000,IDLE,1
57.680,MANUAL,0.000,0.000,0.600,0.050,0.200,0.350,0.150,-0.001,3.142,0.000,0.000,0.000,IDLE,1
57.688,MANUAL,0.000,0.000,0.600,0.050,0.200,0.350,0.150,-0.001,3.142,0.000,0.000,0.000,IDLE,1
57.696,MANUAL,0.000,0.000,0.600,0.050,0.200,0.350,0.150,-0.001,3.142,0.000,0.000,0.000,IDLE,1
57.704,MANUAL,0.000,0.000,0.600,0.050,0.200,0.350,0.150,-0.001,3.142,0.000,0.000,0.000,IDLE,1
57.712,MANUAL,0.000,0.000,0.600,0.050,0.200,0.350,0.150,-0.001,3.142,-0.000,-0.000,0.000,IDLE,1
57.720,MANUAL,0.000,0.000,0.600,0.050,0.200,0.350,0.150,-0.001,3.142,0.000,-0.000,0.000,IDLE,1
57.728,MANUAL,0.000,0.000,0.600,0.050,0.200,0.350,0.150,-0.001,3.142,0.000,-0.000,0.000,IDLE,1
57.736,MANUAL,0.000,0.000,0.600,0.050,0.200,0.350,0.150,-0.001,3.142,0.000,0.000,0.000,IDLE,1
57.744,MANUAL,0.000,0.000,0.600,0.050,0.200,0.350,0.150,-0.001,3.142,0.000,0.000,0.000,IDLE,1
57.752,MANUAL,0.000,0.000,0.600,0.050,0.200,0.350,0.150,-0.001,3.142,0.000,0.000,0.000,IDLE,1
57.760,MANUAL,0.000,0.000,0.600,0.050,0.200,0.350,0.150,-0.001,3.142,0.000,0.000,0.000,IDLE,1
57.768,MANUAL,0.000,0.000,0.600,0.050,0.200,0.350,0.150,-0.001,3.142,-0.000,0.000,0.000,IDLE,1
57.776,MANUAL,0.000,0.000,0.600,0.050,0.200,0.350,0.150,-0.001,3.142,0.000,-0.000,0.000,IDLE,1
57.784,MANUAL,0.000,0.000,0.600,0.050,0.200,0.350,0.150,-0.001,3.142,0.000,-0.000,0.000,IDLE,1
57.792,MANUAL,0.000,0.000,0.600,0.050,0.200,0.350,0.150,-0.001,3.142,0.000,-0.000,0.000,IDLE,1
57.800,MANUAL,0.000,0.000,0.600,0.050,0.200,0.350,0.150,-0.001,3.142,0.000,0.000,0.000,IDLE,1
57.808,MANUAL,0.000,0.000,0.600,0.050,0.200,0.350,0.150,-0.001,3.142,0.000,0.000,0.000,IDLE,1
57.816,MANUAL,0.000,0.000,0.600,0.050,0.200,0.350,0.150,-0.001,3.142,0.000,0.000,0.000,IDLE,1
57.824,MANUAL,0.000,0.000,0.600,0.050,0.200,0.350,0.150,-0.001,3.142,-0.000,0.000,0.000,IDLE,1
57.832,MANUAL,0.000,0.000,0.600,0.050,0.200,0.350,0.150,-0.001,3.142,-0.000,-0.000,0.000,IDLE,1
57.840,MANUAL,0.000,0.000,0.600,0.050,0.200,0.350,0.150,-0.001,3.142,0.000,-0.000,0.000,IDLE,1
57.848,MANUAL,0.000,0.000,0.600,0.050,0.200,0.350,0.150,-0.001,3.142,0.000,-0.000,0.000,IDLE,1
57.856,MANUAL,0.000,0.000,0.600,0.050,0.200,0.350,0.150,-0.001,3.142,0.000,-0.000,0.000,IDLE,1
57.864,MANUAL,0.000,0.000,0.600,0.050,0.200,0.350,0.150,-0.001,3.142,0.000,0.000,0.000,IDLE,1
57.872,MANUAL,0.000,0.000,0.600,0.050,0.200,0.350,0.150,-0.001,3.142,0.000,0.000,0.000,IDLE,1
57.880,MANUAL,0.000,0.000,0.600,0.050,0.200,0.350,0.150,-0.001,3.142,-0.000,0.000,0.000,IDLE,1
57.888,MANUAL,0.000,0.000,0.600,0.050,0.200,0.350,0.150,-0.001,3.142,-0.000,-0.000,0.000,IDLE,1
57.896,MANUAL,0.000,0.000,0.600,0.050,0.200,0.350,0.150,-0.001,3.142,0.000,-0.000,0.000,IDLE,1
57.904,MANUAL,0.000,0.000,0.600,0.050,0.200,0.350,0.150,-0.001,3.142,0.000,-0.000,0.000,IDLE,1
57.912,MANUAL,0.000,0.000,0.600,0.050,0.200,0.350,0.150,-0.001,3.142,0.000,-0.000,0.000,IDLE,1
57.920,MANUAL,0.000,0.000,0.600,0.050,0.200,0.350,0.150,-0.001,3.142,0.000,-0.000,0.000,IDLE,1
57.928,MANUAL,0.000,0.000,0.600,0.050,0.200,0.350,0.150,-0.001,3.142,0.000,0.000,0.000,IDLE,1
57.936,MANUAL,0.000,0.000,0.600,0.050,0.200,0.350,0.150,-0.001,3.142,-0.000,0.000,0.000,IDLE,1
57.944,MANUAL,0.000,0.000,0.600,0.050,0.200,0.350,0.150,-0.001,3.142,-0.000,-0.000,0.000,IDLE,1
57.952,MANUAL,0.000,0.000,0.600,0.050,0.200,0.350,0.150,-0.001,3.142,0.000,-0.000,0.000,IDLE,1
57.960,MANUAL,0.000,0.000,0.600,0.050,0.200,0.350,0.150,-0.001,3.142,0.000,-0.000,0.000,IDLE,1
57.968,MANUAL,0.000,0.000,0.600,0.050,0.200,0.350,0.150,-0.001,3.142,0.000,0.000,0.000,IDLE,1
57.976,MANUAL,0.000,0.000,0.600,0.050,0.200,0.350,0.150,-0.001,3.142,0.000,0.000,0.000,IDLE,1
57.984,MANUAL,0.000,0.000,0.600,0.050,0.200,0.350,0.150,-0.001,3.142,0.000,-0.000,0.000,IDLE,1
57.992,MANUAL,0.000,0.000,0.600,0.050,0.200,0.350,0.150,-0.001,3.142,-0.000,-0.000,0.000,IDLE,1
58.000,MANUAL,0.000,0.000,0.600,0.050,0.200,0.350,0.150,-0.001,3.142,-0.000,-0.000,0.000,IDLE,1
58.008,MANUAL,0.000,0.000,0.600,0.050,0.200,0.350,0.150,-0.001,3.142,0.000,0.000,0.000,IDLE,1
58.016,MANUAL,0.000,0.000,0.600,0.050,0.200,0.350,0.150,-0.001,3.142,0.000,-0.000,0.000,IDLE,1
58.024,MANUAL,0.000,0.000,0.600,0.050,0.200,0.350,0.150,-0.001,3.142,0.000,0.000,0.000,IDLE,1
58.032,MANUAL,0.000,0.000,0.600,0.050,0.200,0.350,0.150,-0.001,3.142,0.000,0.000,0.000,IDLE,1
58.040,MANUAL,0.000,0.000,0.600,0.050,0.200,0.350,0.150,-0.001,3.142,0.000,0.000,0.000,IDLE,1
58.048,MANUAL,0.000,0.000,0.600,0.050,0.200,0.350,0.150,-0.001,3.142,0.000,-0.000,0.000,IDLE,1
58.056,MANUAL,0.000,0.000,0.600,0.050,0.200,0.350,0.150,-0.001,3.142,-0.000,-0.000,0.000,IDLE,1
58.064,MANUAL,0.000,0.000,0.600,0.050,0.200,0.350,0.150,-0.001,3.142,0.000,-0.000,0.000,IDLE,1
58.072,MANUAL,0.000,0.000,0.600,0.050,0.200,0.350,0.150,-0.001,3.142,0.000,-0.000,0.000,IDLE,1
58.080,MANUAL,0.000,0.000,0.600,0.050,0.200,0.350,0.150,-0.001,3.142,0.000,0.000,0.000,IDLE,1
58.088,MANUAL,0.000,0.000,0.600,0.050,0.200,0.350,0.150,-0.001,3.142,0.000,0.000,0.000,IDLE,1
58.096,MANUAL,0.000,0.000,0.600,0.050,0.200,0.350,0.150,-0.001,3.142,0.000,0.000,0.000,IDLE,1
58.104,MANUAL,0.000,0.000,0.600,0.050,0.200,0.350,0.150,-0.001,3.142,0.000,0.000,0.000,IDLE,1
58.112,MANUAL,0.000,0.000,0.600,0.050,0.200,0.350,0.150,-0.001,3.142,-0.000,-0.000,0.000,IDLE,1
58.120,MANUAL,0.000,0.000,0.600,0.050,0.200,0.350,0.150,-0.001,3.142,-0.000,-0.000,0.000,IDLE,1
58.128,MANUAL,0.000,0.000,0.600,0.050,0.200,0.350,0.150,-0.001,3.142,0.000,-0.000,0.000,IDLE,1
58.136,MANUAL,0.000,0.000,0.600,0.050,0.200,0.350,0.150,-0.001,3.142,0.000,-0.000,0.000,IDLE,1
58.144,MANUAL,0.000,0.000,0.600,0.050,0.200,0.350,0.150,-0.001,3.142,0.000,0.000,0.000,IDLE,1
58.152,MANUAL,0.000,0.000,0.600,0.050,0.200,0.350,0.150,-0.001,3.142,0.000,0.000,0.000,IDLE,1
58.160,MANUAL,0.000,0.000,0.600,0.050,0.200,0.350,0.150,-0.001,3.142,0.000,0.000,0.000,IDLE,1
58.168,MANUAL,0.000,0.000,0.600,0.050,0.200,0.350,0.150,-0.001,3.142,-0.000,0.000,0.000,IDLE,1
58.176,MANUAL,0.000,0.000,0.600,0.050,0.200,0.350,0.150,-0.001,3.142,-0.000,-0.000,0.000,IDLE,1
58.184,MANUAL,0.000,0.000,0.600,0.050,0.200,0.350,0.150,-0.001,3.142,0.000,-0.000,0.000,IDLE,1
58.192,MANUAL,0.000,0.000,0.600,0.050,0.200,0.350,0.150,-0.001,3.142,0.000,-0.000,0.000,IDLE,1
58.200,MANUAL,0.000,0.000,0.600,0.050,0.200,0.350,0.150,-0.001,3.142,0.000,0.000,0.000,IDLE,1
58.208,MANUAL,0.000,0.000,0.600,0.050,0.200,0.350,0.150,-0.001,3.142,0.000,0.000,0.000,IDLE,1
58.216,MANUAL,0.000,0.000,0.600,0.050,0.200,0.350,0.150,-0.001,3.142,0.000,0.000,0.000,IDLE,1
58.224,MANUAL,0.000,0.000,0.600,0.050,0.200,0.350,0.150,-0.001,3.142,-0.000,0.000,0.000,IDLE,1
58.232,MANUAL,0.000,0.000,0.600,0.050,0.200,0.350,0.150,-0.001,3.142,-0.000,-0.000,0.000,IDLE,1
58.240,MANUAL,0.000,0.000,0.600,0.050,0.200,0.350,0.150,-0.001,3.142,0.000,-0.000,0.000,IDLE,1
58.248,MANUAL,0.000,0.000,0.600,0.050,0.200,0.350,0.150,-0.001,3.142,0.000,-0.000,0.000,IDLE,1
58.256,MANUAL,0.000,0.000,0.600,0.050,0.200,0.350,0.150,-0.001,3.142,0.000,-0.000,0.000,IDLE,1
58.264,MANUAL,0.000,0.000,0.600,0.050,0.200,0.350,0.150,-0.001,3.142,0.000,0.000,0.000,IDLE,1
58.272,MANUAL,0.000,0.000,0.600,0.050,0.200,0.350,0.150,-0.001,3.142,0.000,0.000,0.000,IDLE,1
58.280,MANUAL,0.000,0.000,0.600,0.050,0.200,0.350,0.150,-0.001,3.142,-0.000,0.000,0.000,IDLE,1
58.288,MANUAL,0.000,0.000,0.600,0.050,0.200,0.350,0.150,-0.001,3.142,-0.000,-0.000,0.000,IDLE,1
58.296,MANUAL,0.000,0.000,0.600,0.050,0.200,0.350,0.150,-0.001,3.142,0.000,0.000,0.000,IDLE,1
58.304,MANUAL,0.000,0.000,0.600,0.050,0.200,0.350,0.150,-0.001,3.142,0.000,-0.000,0.000,IDLE,1
58.312,MANUAL,0.000,0.000,0.600,0.050,0.200,0.350,0.150,-0.001,3.142,0.000,-0.000,0.000,IDLE,1
58.320,MANUAL,0.000,0.000,0.600,0.050,0.200,0.350,0.150,-0.001,3.142,0.000,-0.000,0.000,IDLE,1
58.328,MANUAL,0.000,0.000,0.600,0.050,0.200,0.350,0.150,-0.001,3.142,0.000,0.000,0.000,IDLE,1
58.336,MANUAL,0.000,0.000,0.600,0.050,0.200,0.350,0.150,-0.001,3.142,0.000,0.000,0.000,IDLE,1
58.344,MANUAL,0.000,0.000,0.600,0.050,0.200,0.350,0.150,-0.001,3.142,-0.000,0.000,0.000,IDLE,1
58.352,MANUAL,0.000,0.000,0.600,0.050,0.200,0.350,0.150,-0.001,3.142,0.000,-0.000,0.000,IDLE,1
58.360,MANUAL,0.000,0.000,0.600,0.050,0.200,0.350,0.150,-0.001,3.142,0.000,-0.000,0.000,IDLE,1
58.368,MANUAL,0.000,0.000,0.600,0.050,0.200,0.350,0.150,-0.001,3.142,0.000,0.000,0.000,IDLE,1
58.376,MANUAL,0.000,0.000,0.600,0.050,0.200,0.350,0.150,-0.001,3.142,0.000,-0.000,0.000,IDLE,1
58.384,MANUAL,0.000,0.000,0.600,0.050,0.200,0.350,0.150,-0.001,3.142,0.000,-0.000,0.000,IDLE,1
58.392,MANUAL,0.000,0.000,0.600,0.050,0.200,0.350,0.150,-0.001,3.142,0.000,0.000,0.000,IDLE,1
58.400,MANUAL,0.000,0.000,0.600,0.050,0.200,0.350,0.150,-0.001,3.142,-0.000,0.000,0.000,IDLE,1
58.408,MANUAL,0.000,0.000,0.600,0.050,0.200,0.350,0.150,-0.001,3.142,-0.000,-0.000,0.000,IDLE,1
58.416,MANUAL,0.000,0.000,0.600,0.050,0.200,0.350,0.150,-0.001,3.142,0.000,-0.000,0.000,IDLE,1
58.424,MANUAL,0.000,0.000,0.600,0.050,0.200,0.350,0.150,-0.001,3.142,0.000,-0.000,0.000,IDLE,1
58.432,MANUAL,0.000,0.000,0.600,0.050,0.200,0.350,0.150,-0.001,3.142,0.000,0.000,0.000,IDLE,1
58.440,MANUAL,0.000,0.000,0.600,0.050,0.200,0.350,0.150,-0.001,3.142,0.000,-0.000,0.000,IDLE,1
58.448,MANUAL,0.000,0.000,0.600,0.050,0.200,0.350,0.150,-0.001,3.142,0.000,-0.000,0.000,IDLE,1
58.456,MANUAL,0.000,0.000,0.600,0.050,0.200,0.350,0.150,-0.001,3.142,-0.000,0.000,0.000,IDLE,1
58.464,MANUAL,0.000,0.000,0.600,0.050,0.200,0.350,0.150,-0.001,3.142,-0.000,-0.000,0.000,IDLE,1
58.472,MANUAL,0.000,0.000,0.600,0.050,0.200,0.350,0.150,-0.001,3.142,0.000,0.000,0.000,IDLE,1
58.480,MANUAL,0.000,0.000,0.600,0.050,0.200,0.350,0.150,-0.001,3.142,0.000,-0.000,0.000,IDLE,1
58.488,MANUAL,0.000,0.000,0.600,0.050,0.200,0.350,0.150,-0.001,3.142,0.000,0.000,0.000,IDLE,1
58.496,MANUAL,0.000,0.000,0.600,0.050,0.200,0.350,0.150,-0.001,3.142,0.000,0.000,0.000,IDLE,1
58.504,MANUAL,0.000,0.000,0.600,0.050,0.200,0.350,0.150,-0.001,3.142,0.000,0.000,0.000,IDLE,1
58.512,MANUAL,0.000,0.000,0.600,0.050,0.200,0.350,0.150,-0.001,3.142,-0.000,-0.000,0.000,IDLE,1
58.520,MANUAL,0.000,0.000,0.600,0.050,0.200,0.350,0.150,-0.001,3.142,-0.000,-0.000,0.000,IDLE,1
58.528,MANUAL,0.000,0.000,0.600,0.050,0.200,0.350,0.150,-0.001,3.142,0.000,-0.000,0.000,IDLE,1
58.536,MANUAL,0.000,0.000,0.600,0.050,0.200,0.350,0.150,-0.001,3.142,0.000,0.000,0.000,IDLE,1
58.544,MANUAL,0.000,0.000,0.600,0.050,0.200,0.350,0.150,-0.001,3.142,0.000,0.000,0.000,IDLE,1
58.552,MANUAL,0.000,0.000,0.600,0.050,0.200,0.350,0.150,-0.001,3.142,0.000,0.000,0.000,IDLE,1
58.560,MANUAL,0.000,0.000,0.600,0.050,0.200,0.350,0.150,-0.001,3.142,0.000,0.000,0.000,IDLE,1
58.568,MANUAL,0.000,0.000,0.600,0.050,0.200,0.350,0.150,-0.001,3.142,-0.000,0.000,0.000,IDLE,1
58.576,MANUAL,0.000,0.000,0.600,0.050,0.200,0.350,0.150,-0.001,3.142,-0.000,-0.000,0.000,IDLE,1
58.584,MANUAL,0.000,0.000,0.600,0.050,0.200,0.350,0.150,-0.001,3.142,0.000,-0.000,0.000,IDLE,1
58.592,MANUAL,0.000,0.000,0.600,0.050,0.200,0.350,0.150,-0.001,3.142,0.000,-0.000,0.000,IDLE,1
58.600,MANUAL,0.000,0.000,0.600,0.050,0.200,0.350,0.150,-0.001,3.142,0.000,0.000,0.000,IDLE,1
58.608,MANUAL,0.000,0.000,0.600,0.050,0.200,0.350,0.150,-0.001,3.142,0.000,0.000,0.000,IDLE,1
58.616,MANUAL,0.000,0.000,0.600,0.050,0.200,0.350,0.150,-0.001,3.142,0.000,0.000,0.000,IDLE,1
58.624,MANUAL,0.000,0.000,0.600,0.050,0.200,0.350,0.150,-0.001,3.142,0.000,0.000,0.000,IDLE,1
58.632,MANUAL,0.000,0.000,0.600,0.050,0.200,0.350,0.150,-0.001,3.142,-0.000,0.000,0.000,IDLE,1
58.640,MANUAL,0.000,0.000,0.600,0.050,0.200,0.350,0.150,-0.001,3.142,0.000,-0.000,0.000,IDLE,1
58.648,MANUAL,0.000,0.000,0.600,0.050,0.200,0.350,0.150,-0.001,3.142,0.000,-0.000,0.000,IDLE,1
58.656,MANUAL,0.000,0.000,0.600,0.050,0.200,0.350,0.150,-0.001,3.142,0.000,0.000,0.000,IDLE,1
58.664,MANUAL,0.000,0.000,0.600,0.050,0.200,0.350,0.150,-0.001,3.142,0.000,0.000,0.000,IDLE,1
58.672,MANUAL,0.000,0.000,0.600,0.050,0.200,0.350,0.150,-0.001,3.142,0.000,0.000,0.000,IDLE,1
58.680,MANUAL,0.000,0.000,0.600,0.050,0.200,0.350,0.150,-0.001,3.142,0.000,0.000,0.000,IDLE,1
58.688,MANUAL,0.000,0.000,0.600,0.050,0.200,0.350,0.150,-0.001,3.142,-0.000,0.000,0.000,IDLE,1
58.696,MANUAL,0.000,0.000,0.600,0.050,0.200,0.350,0.150,-0.001,3.142,-0.000,-0.000,0.000,IDLE,1
58.704,MANUAL,0.000,0.000,0.600,0.050,0.200,0.350,0.150,-0.001,3.142,0.000,-0.000,0.000,IDLE,1
58.712,MANUAL,0.000,0.000,0.600,0.050,0.200,0.350,0.150,-0.001,3.142,0.000,-0.000,0.000,IDLE,1
58.720,MANUAL,0.000,0.000,0.600,0.050,0.200,0.350,0.150,-0.001,3.142,0.000,-0.000,0.000,IDLE,1
58.728,MANUAL,0.000,0.000,0.600,0.050,0.200,0.350,0.150,-0.001,3.142,0.000,0.000,0.000,IDLE,1
58.736,MANUAL,0.000,0.000,0.600,0.050,0.200,0.350,0.150,-0.001,3.142,0.000,0.000,0.000,IDLE,1
58.744,MANUAL,0.000,0.000,0.600,0.050,0.200,0.350,0.150,-0.001,3.142,-0.000,0.000,0.000,IDLE,1
58.752,MANUAL,0.000,0.000,0.600,0.050,0.200,0.350,0.150,-0.001,3.142,-0.000,-0.000,0.000,IDLE,1
58.760,MANUAL,0.000,0.000,0.600,0.050,0.200,0.350,0.150,-0.001,3.142,0.000,0.000,0.000,IDLE,1
58.768,MANUAL,0.000,0.000,0.600,0.050,0.200,0.350,0.150,-0.001,3.142,0.000,-0.000,0.000,IDLE,1
58.776,MANUAL,0.000,0.000,0.600,0.050,0.200,0.350,0.150,-0.001,3.142,0.000,-0.000,0.000,IDLE,1
58.784,MANUAL,0.000,0.000,0.600,0.050,0.200,0.350,0.150,-0.001,3.142,0.000,-0.000,0.000,IDLE,1
58.792,MANUAL,0.000,0.000,0.600,0.050,0.200,0.350,0.150,-0.001,3.142,0.000,0.000,0.000,IDLE,1
58.800,MANUAL,0.000,0.000,0.600,0.050,0.200,0.350,0.150,-0.001,3.142,-0.000,0.000,0.000,IDLE,1
58.808,MANUAL,0.000,0.000,0.600,0.050,0.200,0.350,0.150,-0.001,3.142,-0.000,-0.000,0.000,IDLE,1
58.816,MANUAL,0.000,0.000,0.600,0.050,0.200,0.350,0.150,-0.001,3.142,0.000,-0.000,0.000,IDLE,1
58.824,MANUAL,0.000,0.000,0.600,0.050,0.200,0.350,0.150,-0.001,3.142,0.000,-0.000,0.000,IDLE,1
58.832,MANUAL,0.000,0.000,0.600,0.050,0.200,0.350,0.150,-0.001,3.142,0.000,0.000,0.000,IDLE,1
58.840,MANUAL,0.000,0.000,0.600,0.050,0.200,0.350,0.150,-0.001,3.142,0.000,-0.000,0.000,IDLE,1
58.848,MANUAL,0.000,0.000,0.600,0.050,0.200,0.350,0.150,-0.001,3.142,0.000,-0.000,0.000,IDLE,1
58.856,MANUAL,0.000,0.000,0.600,0.050,0.200,0.350,0.150,-0.001,3.142,-0.000,0.000,0.000,IDLE,1
58.864,MANUAL,0.000,0.000,0.600,0.050,0.200,0.350,0.150,-0.001,3.142,-0.000,-0.000,0.000,IDLE,1
58.872,MANUAL,0.000,0.000,0.600,0.050,0.200,0.350,0.150,-0.001,3.142,0.000,0.000,0.000,IDLE,1
58.880,MANUAL,0.000,0.000,0.600,0.050,0.200,0.350,0.150,-0.001,3.142,0.000,-0.000,0.000,IDLE,1
58.888,MANUAL,0.000,0.000,0.600,0.050,0.200,0.350,0.150,-0.001,3.142,0.000,0.000,0.000,IDLE,1
58.896,MANUAL,0.000,0.000,0.600,0.050,0.200,0.350,0.150,-0.001,3.142,0.000,0.000,0.000,IDLE,1
58.904,MANUAL,0.000,0.000,0.600,0.050,0.200,0.350,0.150,-0.001,3.142,0.000,0.000,0.000,IDLE,1
58.912,MANUAL,0.000,0.000,0.600,0.050,0.200,0.350,0.150,-0.001,3.142,-0.000,-0.000,0.000,IDLE,1
58.920,MANUAL,0.000,0.000,0.600,0.050,0.200,0.350,0.150,-0.001,3.142,-0.000,-0.000,0.000,IDLE,1
58.928,MANUAL,0.000,0.000,0.600,0.050,0.200,0.350,0.150,-0.001,3.142,0.000,-0.000,0.000,IDLE,1
58.936,MANUAL,0.000,0.000,0.600,0.050,0.200,0.350,0.150,-0.001,3.142,0.000,-0.000,0.000,IDLE,1
58.944,MANUAL,0.000,0.000,0.600,0.050,0.200,0.350,0.150,-0.001,3.142,0.000,0.000,0.000,IDLE,1
58.952,MANUAL,0.000,0.000,0.600,0.050,0.200,0.350,0.150,-0.001,3.142,0.000,0.000,0.000,IDLE,1
58.960,MANUAL,0.000,0.000,0.600,0.050,0.200,0.350,0.150,-0.001,3.142,0.000,0.000,0.000,IDLE,1
58.968,MANUAL,0.000,0.000,0.600,0.050,0.200,0.350,0.150,-0.001,3.142,0.000,0.000,0.000,IDLE,1
58.976,MANUAL,0.000,0.000,0.600,0.050,0.200,0.350,0.150,-0.001,3.142,-0.000,-0.000,0.000,IDLE,1
58.984,MANUAL,0.000,0.000,0.600,0.050,0.200,0.350,0.150,-0.001,3.142,-0.000,-0.000,0.000,IDLE,1
58.992,MANUAL,0.000,0.000,0.600,0.050,0.200,0.350,0.150,-0.001,3.142,0.000,-0.000,0.000,IDLE,1
59.000,MANUAL,0.000,0.000,0.600,0.050,0.200,0.350,0.150,-0.001,3.142,0.000,-0.000,0.000,IDLE,1
59.008,MANUAL,0.000,0.000,0.600,0.050,0.200,0.350,0.150,-0.001,3.142,0.000,0.000,0.000,IDLE,1
59.016,MANUAL,0.000,0.000,0.600,0.050,0.200,0.350,0.150,-0.001,3.142,0.000,0.000,0.000,IDLE,1
59.024,MANUAL,0.000,0.000,0.600,0.050,0.200,0.350,0.150,-0.001,3.142,0.000,0.000,0.000,IDLE,1
59.032,MANUAL,0.000,0.000,0.600,0.050,0.200,0.350,0.150,-0.001,3.142,-0.000,0.000,0.000,IDLE,1
59.040,MANUAL,0.000,0.000,0.600,0.050,0.200,0.350,0.150,-0.001,3.142,-0.000,-0.000,0.000,IDLE,1
59.048,MANUAL,0.000,0.000,0.600,0.050,0.200,0.350,0.150,-0.001,3.142,0.000,-0.000,0.000,IDLE,1
59.056,MANUAL,0.000,0.000,0.600,0.050,0.200,0.350,0.150,-0.001,3.142,0.000,-0.000,0.000,IDLE,1
59.064,MANUAL,0.000,0.000,0.600,0.050,0.200,0.350,0.150,-0.001,3.142,0.000,0.000,0.000,IDLE,1
59.072,MANUAL,0.000,0.000,0.600,0.050,0.200,0.350,0.150,-0.001,3.142,0.000,0.000,0.000,IDLE,1
59.080,MANUAL,0.000,0.000,0.600,0.050,0.200,0.350,0.150,-0.001,3.142,0.000,0.000,0.000,IDLE,1
59.088,MANUAL,0.000,0.000,0.600,0.050,0.200,0.350,0.150,-0.001,3.142,-0.000,0.000,0.000,IDLE,1
59.096,MANUAL,0.000,0.000,0.600,0.050,0.200,0.350,0.150,-0.001,3.142,-0.000,-0.000,0.000,IDLE,1
59.104,MANUAL,0.000,0.000,0.600,0.050,0.200,0.350,0.150,-0.001,3.142,0.000,-0.000,0.000,IDLE,1
59.112,MANUAL,0.000,0.000,0.600,0.050,0.200,0.350,0.150,-0.001,3.142,-0.000,-0.000,0.000,IDLE,1
59.120,MANUAL,0.000,0.000,0.600,0.050,0.200,0.350,0.150,-0.001,3.142,0.000,0.000,0.000,IDLE,1
59.128,MANUAL,0.000,0.000,0.600,0.050,0.200,0.350,0.150,-0.001,3.142,0.000,0.000,0.000,IDLE,1
59.136,MANUAL,0.000,0.000,0.600,0.050,0.200,0.350,0.150,-0.001,3.142,0.000,0.000,0.000,IDLE,1
59.144,MANUAL,0.000,0.000,0.600,0.050,0.200,0.350,0.150,-0.001,3.142,-0.000,0.000,0.000,IDLE,1
59.152,MANUAL,0.000,0.000,0.600,0.050,0.200,0.350,0.150,-0.001,3.142,-0.000,-0.000,0.000,IDLE,1
59.160,MANUAL,0.000,0.000,0.600,0.050,0.200,0.350,0.150,-0.001,3.142,0.000,-0.000,0.000,IDLE,1
59.168,MANUAL,0.000,0.000,0.600,0.050,0.200,0.350,0.150,-0.001,3.142,0.000,-0.000,0.000,IDLE,1
59.176,MANUAL,0.000,0.000,0.600,0.050,0.200,0.350,0.150,-0.001,3.142,0.000,-0.000,0.000,IDLE,1
59.184,MANUAL,0.000,0.000,0.600,0.050,0.200,0.350,0.150,-0.001,3.142,0.000,-0.000,0.000,IDLE,1
59.192,MANUAL,0.000,0.000,0.600,0.050,0.200,0.350,0.150,-0.001,3.142,0.000,0.000,0.000,IDLE,1
59.200,MANUAL,0.000,0.000,0.600,0.050,0.200,0.350,0.150,-0.001,3.142,0.000,0.000,0.000,IDLE,1
59.208,MANUAL,0.000,0.000,0.600,0.050,0.200,0.350,0.150,-0.001,3.142,-0.000,0.000,0.000,IDLE,1
59.216,MANUAL,0.000,0.000,0.600,0.050,0.200,0.350,0.150,-0.001,3.142,0.000,-0.000,0.000,IDLE,1
59.224,MANUAL,0.000,0.000,0.600,0.050,0.200,0.350,0.150,-0.001,3.142,0.000,-0.000,0.000,IDLE,1
59.232,MANUAL,0.000,0.000,0.600,0.050,0.200,0.350,0.150,-0.001,3.142,0.000,0.000,0.000,IDLE,1
59.240,MANUAL,0.000,0.000,0.600,0.050,0.200,0.350,0.150,-0.001,3.142,0.000,-0.000,0.000,IDLE,1
59.248,MANUAL,0.000,0.000,0.600,0.050,0.200,0.350,0.150,-0.001,3.142,0.000,-0.000,0.000,IDLE,1
59.256,MANUAL,0.000,0.000,0.600,0.050,0.200,0.350,0.150,-0.001,3.142,0.000,0.000,0.000,IDLE,1
59.264,MANUAL,0.000,0.000,0.600,0.050,0.200,0.350,0.150,-0.001,3.142,-0.000,0.000,0.000,IDLE,1
59.272,MANUAL,0.000,0.000,0.600,0.050,0.200,0.350,0.150,-0.001,3.142,-0.000,-0.000,0.000,IDLE,1
59.280,MANUAL,0.000,0.000,0.600,0.050,0.200,0.350,0.150,-0.001,3.142,0.000,-0.000,0.000,IDLE,1
59.288,MANUAL,0.000,0.000,0.600,0.050,0.200,0.350,0.150,-0.001,3.142,0.000,-0.000,0.000,IDLE,1
59.296,MANUAL,0.000,0.000,0.600,0.050,0.200,0.350,0.150,-0.001,3.142,0.000,0.000,0.000,IDLE,1
59.304,MANUAL,0.000,0.000,0.600,0.050,0.200,0.350,0.150,-0.001,3.142,0.000,-0.000,0.000,IDLE,1
59.312,MANUAL,0.000,0.000,0.600,0.050,0.200,0.350,0.150,-0.001,3.142,0.000,-0.000,0.000,IDLE,1
59.320,MANUAL,0.000,0.000,0.600,0.050,0.200,0.350,0.150,-0.001,3.142,-0.000,0.000,0.000,IDLE,1
59.328,MANUAL,0.000,0.000,0.600,0.050,0.200,0.350,0.150,-0.001,3.142,-0.000,-0.000,0.000,IDLE,1
59.336,MANUAL,0.000,0.000,0.600,0.050,0.200,0.350,0.150,-0.001,3.142,0.000,0.000,0.000,IDLE,1
59.344,MANUAL,0.000,0.000,0.600,0.050,0.200,0.350,0.150,-0.001,3.142,0.000,-0.000,0.000,IDLE,1
59.352,MANUAL,0.000,0.000,0.600,0.050,0.200,0.350,0.150,-0.001,3.142,0.000,0.000,0.000,IDLE,1
59.360,MANUAL,0.000,0.000,0.600,0.050,0.200,0.350,0.150,-0.001,3.142,0.000,0.000,0.000,IDLE,1
59.368,MANUAL,0.000,0.000,0.600,0.050,0.200,0.350,0.150,-0.001,3.142,0.000,0.000,0.000,IDLE,1
59.376,MANUAL,0.000,0.000,0.600,0.050,0.200,0.350,0.150,-0.001,3.142,-0.000,-0.000,0.000,IDLE,1
59.384,MANUAL,0.000,0.000,0.600,0.050,0.200,0.350,0.150,-0.001,3.142,-0.000,-0.000,0.000,IDLE,1
59.392,MANUAL,0.000,0.000,0.600,0.050,0.200,0.350,0.150,-0.001,3.142,0.000,-0.000,0.000,IDLE,1
59.400,MANUAL,0.000,0.000,0.600,0.050,0.200,0.350,0.150,-0.001,3.142,0.000,-0.000,0.000,IDLE,1
59.408,MANUAL,0.000,0.000,0.600,0.050,0.200,0.350,0.150,-0.001,3.142,0.000,0.000,0.000,IDLE,1
59.416,MANUAL,0.000,0.000,0.600,0.050,0.200,0.350,0.150,-0.001,3.142,0.000,0.000,0.000,IDLE,1
59.424,MANUAL,0.000,0.000,0.600,0.050,0.200,0.350,0.150,-0.001,3.142,0.000,0.000,0.000,IDLE,1
59.432,MANUAL,0.000,0.000,0.600,0.050,0.200,0.350,0.150,-0.001,3.142,-0.000,0.000,0.000,IDLE,1
59.440,MANUAL,0.000,0.000,0.600,0.050,0.200,0.350,0.150,-0.001,3.142,-0.000,-0.000,0.000,IDLE,1
59.448,MANUAL,0.000,0.000,0.600,0.050,0.200,0.350,0.150,-0.001,3.142,0.000,-0.000,0.000,IDLE,1
59.456,MANUAL,0.000,0.000,0.600,0.050,0.200,0.350,0.150,-0.001,3.142,0.000,-0.000,0.000,IDLE,1
59.464,MANUAL,0.000,0.000,0.600,0.050,0.200,0.350,0.150,-0.001,3.142,0.000,0.000,0.000,IDLE,1
59.472,MANUAL,0.000,0.000,0.600,0.050,0.200,0.350,0.150,-0.001,3.142,0.000,0.000,0.000,IDLE,1
59.480,MANUAL,0.000,0.000,0.600,0.050,0.200,0.350,0.150,-0.001,3.142,0.000,0.000,0.000,IDLE,1
59.488,MANUAL,0.000,0.000,0.600,0.050,0.200,0.350,0.150,-0.001,3.142,0.000,0.000,0.000,IDLE,1
59.496,MANUAL,0.000,0.000,0.600,0.050,0.200,0.350,0.150,-0.001,3.142,-0.000,0.000,0.000,IDLE,1
59.504,MANUAL,0.000,0.000,0.600,0.050,0.200,0.350,0.150,-0.001,3.142,0.000,-0.000,0.000,IDLE,1
59.512,MANUAL,0.000,0.000,0.600,0.050,0.200,0.350,0.150,-0.001,3.142,0.000,-0.000,0.000,IDLE,1
59.520,MANUAL,0.000,0.000,0.600,0.050,0.200,0.350,0.150,-0.001,3.142,0.000,0.000,0.000,IDLE,1
59.528,MANUAL,0.000,0.000,0.600,0.050,0.200,0.350,0.150,-0.001,3.142,0.000,0.000,0.000,IDLE,1
59.536,MANUAL,0.000,0.000,0.600,0.050,0.200,0.350,0.150,-0.001,3.142,0.000,0.000,0.000,IDLE,1
59.544,MANUAL,0.000,0.000,0.600,0.050,0.200,0.350,0.150,-0.001,3.142,0.000,0.000,0.000,IDLE,1
59.552,MANUAL,0.000,0.000,0.600,0.050,0.200,0.350,0.150,-0.001,3.142,-0.000,0.000,0.000,IDLE,1
59.560,MANUAL,0.000,0.000,0.600,0.050,0.200,0.350,0.150,-0.001,3.142,-0.000,-0.000,0.000,IDLE,1
59.568,MANUAL,0.000,0.000,0.600,0.050,0.200,0.350,0.150,-0.001,3.142,0.000,-0.000,0.000,IDLE,1
59.576,MANUAL,0.000,0.000,0.600,0.050,0.200,0.350,0.150,-0.001,3.142,0.000,-0.000,0.000,IDLE,1
59.584,MANUAL,0.000,0.000,0.600,0.050,0.200,0.350,0.150,-0.001,3.142,0.000,-0.000,0.000,IDLE,1
59.592,MANUAL,0.000,0.000,0.600,0.050,0.200,0.350,0.150,-0.001,3.142,0.000,0.000,0.000,IDLE,1
59.600,MANUAL,0.000,0.000,0.600,0.050,0.200,0.350,0.150,-0.001,3.142,0.000,0.000,0.000,IDLE,1
59.608,MANUAL,0.000,0.000,0.600,0.050,0.200,0.350,0.150,-0.001,3.142,-0.000,0.000,0.000,IDLE,1
59.616,MANUAL,0.000,0.000,0.600,0.050,0.200,0.350,0.150,-0.001,3.142,-0.000,-0.000,0.000,IDLE,1
59.624,MANUAL,0.000,0.000,0.600,0.050,0.200,0.350,0.150,-0.001,3.142,0.000,0.000,0.000,IDLE,1
59.632,MANUAL,0.000,0.000,0.600,0.050,0.200,0.350,0.150,-0.001,3.142,0.000,-0.000,0.000,IDLE,1
59.640,MANUAL,0.000,0.000,0.600,0.050,0.200,0.350,0.150,-0.001,3.142,0.000,-0.000,0.000,IDLE,1
59.648,MANUAL,0.000,0.000,0.600,0.050,0.200,0.350,0.150,-0.001,3.142,0.000,-0.000,0.000,IDLE,1
59.656,MANUAL,0.000,0.000,0.600,0.050,0.200,0.350,0.150,-0.001,3.142,0.000,0.000,0.000,IDLE,1
59.664,MANUAL,0.000,0.000,0.600,0.050,0.200,0.350,0.150,-0.001,3.142,-0.000,0.000,0.000,IDLE,1
59.672,MANUAL,0.000,0.000,0.600,0.050,0.200,0.350,0.150,-0.001,3.142,-0.000,-0.000,0.000,IDLE,1
59.680,MANUAL,0.000,0.000,0.600,0.050,0.200,0.350,0.150,-0.001,3.142,0.000,-0.000,0.000,IDLE,1
59.688,MANUAL,0.000,0.000,0.600,0.050,0.200,0.350,0.150,-0.001,3.142,0.000,-0.000,0.000,IDLE,1
59.696,MANUAL,0.000,0.000,0.600,0.050,0.200,0.350,0.150,-0.001,3.142,0.000,0.000,0.000,IDLE,1
59.704,MANUAL,0.000,0.000,0.600,0.050,0.200,0.350,0.150,-0.001,3.142,0.000,-0.000,0.000,IDLE,1
59.712,MANUAL,0.000,0.000,0.600,0.050,0.200,0.350,0.150,-0.001,3.142,0.000,-0.000,0.000,IDLE,1
59.720,MANUAL,0.000,0.000,0.600,0.050,0.200,0.350,0.150,-0.001,3.142,-0.000,0.000,0.000,IDLE,1
59.728,MANUAL,0.000,0.000,0.600,0.050,0.200,0.350,0.150,-0.001,3.142,-0.000,-0.000,0.000,IDLE,1
59.736,MANUAL,0.000,0.000,0.600,0.050,0.200,0.350,0.150,-0.001,3.142,0.000,0.000,0.000,IDLE,1
59.744,MANUAL,0.000,0.000,0.600,0.050,0.200,0.350,0.150,-0.001,3.142,0.000,-0.000,0.000,IDLE,1
59.752,MANUAL,0.000,0.000,0.600,0.050,0.200,0.350,0.150,-0.001,3.142,0.000,0.000,0.000,IDLE,1
59.760,MANUAL,0.000,0.000,0.600,0.050,0.200,0.350,0.150,-0.001,3.142,0.000,0.000,0.000,IDLE,1
59.768,MANUAL,0.000,0.000,0.600,0.050,0.200,0.350,0.150,-0.001,3.142,0.000,0.000,0.000,IDLE,1
59.776,MANUAL,0.000,0.000,0.600,0.050,0.200,0.350,0.150,-0.001,3.142,0.000,-0.000,0.000,IDLE,1
59.784,MANUAL,0.000,0.000,0.600,0.050,0.200,0.350,0.150,-0.001,3.142,-0.000,-0.000,0.000,IDLE,1
59.792,MANUAL,0.000,0.000,0.600,0.050,0.200,0.350,0.150,-0.001,3.142,0.000,-0.000,0.000,IDLE,1
59.800,MANUAL,0.000,0.000,0.600,0.050,0.200,0.350,0.150,-0.001,3.142,0.000,-0.000,0.000,IDLE,1
59.808,MANUAL,0.000,0.000,0.600,0.050,0.200,0.350,0.150,-0.001,3.142,0.000,0.000,0.000,IDLE,1
59.816,MANUAL,0.000,0.000,0.600,0.050,0.200,0.350,0.150,-0.001,3.142,0.000,0.000,0.000,IDLE,1
59.824,MANUAL,0.000,0.000,0.600,0.050,0.200,0.350,0.150,-0.001,3.142,0.000,0.000,0.000,IDLE,1
59.832,MANUAL,0.000,0.000,0.600,0.050,0.200,0.350,0.150,-0.001,3.142,0.000,0.000,0.000,IDLE,1
59.840,MANUAL,0.000,0.000,0.600,0.050,0.200,0.350,0.150,-0.001,3.142,-0.000,-0.000,0.000,IDLE,1
59.848,MANUAL,0.000,0.000,0.600,0.050,0.200,0.350,0.150,-0.001,3.142,-0.000,-0.000,0.000,IDLE,1
59.856,MANUAL,0.000,0.000,0.600,0.050,0.200,0.350,0.150,-0.001,3.142,0.000,-0.000,0.000,IDLE,1
59.864,MANUAL,0.000,0.000,0.600,0.050,0.200,0.350,0.150,-0.001,3.142,0.000,0.000,0.000,IDLE,1
59.872,MANUAL,0.000,0.000,0.600,0.050,0.200,0.350,0.150,-0.001,3.142,0.000,0.000,0.000,IDLE,1
59.880,MANUAL,0.000,0.000,0.600,0.050,0.200,0.350,0.150,-0.001,3.142,0.000,0.000,0.000,IDLE,1
59.888,MANUAL,0.000,0.000,0.600,0.050,0.200,0.350,0.150,-0.001,3.142,0.000,0.000,0.000,IDLE,1
59.896,MANUAL,0.000,0.000,0.600,0.050,0.200,0.350,0.150,-0.001,3.142,-0.000,0.000,0.000,IDLE,1
59.904,MANUAL,0.000,0.000,0.600,0.050,0.200,0.350,0.150,-0.001,3.142,-0.000,-0.000,0.000,IDLE,1
59.912,MANUAL,0.000,0.000,0.600,0.050,0.200,0.350,0.150,-0.001,3.142,0.000,-0.000,0.000,IDLE,1
59.920,MANUAL,0.000,0.000,0.600,0.050,0.200,0.350,0.150,-0.001,3.142,0.000,-0.000,0.000,IDLE,1
59.928,MANUAL,0.000,0.000,0.600,0.050,0.200,0.350,0.150,-0.001,3.142,0.000,0.000,0.000,IDLE,1
59.936,MANUAL,0.000,0.000,0.600,0.050,0.200,0.350,0.150,-0.001,3.142,0.000,0.000,0.000,IDLE,1
59.944,MANUAL,0.000,0.000,0.600,0.050,0.200,0.350,0.150,-0.001,3.142,0.000,0.000,0.000,IDLE,1
59.952,MANUAL,0.000,0.000,0.600,0.050,0.200,0.350,0.150,-0.001,3.142,-0.000,0.000,0.000,IDLE,1
59.960,MANUAL,0.000,0.000,0.600,0.050,0.200,0.350,0.150,-0.001,3.142,-0.000,-0.000,0.000,IDLE,1
59.968,MANUAL,0.000,0.000,0.600,0.050,0.200,0.350,0.150,-0.001,3.142,0.000,-0.000,0.000,IDLE,1
59.976,MANUAL,0.000,0.000,0.600,0.050,0.200,0.350,0.150,-0.001,3.142,0.000,-0.000,0.000,IDLE,1
59.984,MANUAL,0.000,0.000,0.600,0.050,0.200,0.350,0.150,-0.001,3.142,0.000,-0.000,0.000,IDLE,1
59.992,MANUAL,0.000,0.000,0.600,0.050,0.200,0.350,0.150,-0.001,3.142,0.000,0.000,0.000,IDLE,1
60.000,MANUAL,0.000,0.000,0.600,0.050,0.200,0.350,0.150,-0.001,3.142,0.000,0.000,0.000,IDLE,1
60.008,MANUAL,0.000,0.000,0.600,0.050,0.200,0.350,0.150,-0.001,3.142,-0.000,0.000,0.000,IDLE,1
60.016,MANUAL,0.000,0.000,0.600,0.050,0.200,0.350,0.150,-0.001,3.142,-0.000,-0.000,0.000,IDLE,1
60.024,MANUAL,0.000,0.000,0.600,0.050,0.200,0.350,0.150,-0.001,3.142,0.000,0.000,0.000,IDLE,1
60.032,MANUAL,0.000,0.000,0.600,0.050,0.200,0.350,0.150,-0.001,3.142,0.000,-0.000,0.000,IDLE,1
60.040,MANUAL,0.000,0.000,0.600,0.050,0.200,0.350,0.150,-0.001,3.142,0.000,-0.000,0.000,IDLE,1
60.048,MANUAL,0.000,0.000,0.600,0.050,0.200,0.350,0.150,-0.001,3.142,0.000,-0.000,0.000,IDLE,1
60.056,MANUAL,0.000,0.000,0.600,0.050,0.200,0.350,0.150,-0.001,3.142,0.000,0.000,0.000,IDLE,1
60.064,MANUAL,0.000,0.000,0.600,0.050,0.200,0.350,0.150,-0.001,3.142,0.000,0.000,0.000,IDLE,1
60.072,MANUAL,0.000,0.000,0.600,0.050,0.200,0.350,0.150,-0.001,3.142,-0.000,0.000,0.000,IDLE,1
60.080,MANUAL,0.000,0.000,0.600,0.050,0.200,0.350,0.150,-0.001,3.142,0.000,-0.000,0.000,IDLE,1
60.088,MANUAL,0.000,0.000,0.600,0.050,0.200,0.350,0.150,-0.001,3.142,0.000,-0.000,0.000,IDLE,1
60.096,MANUAL,0.000,0.000,0.600,0.050,0.200,0.350,0.150,-0.001,3.142,0.000,0.000,0.000,IDLE,1
60.104,MANUAL,0.000,0.000,0.600,0.050,0.200,0.350,0.150,-0.001,3.142,0.000,-0.000,0.000,IDLE,1
60.112,MANUAL,0.000,0.000,0.600,0.050,0.200,0.350,0.150,-0.001,3.142,0.000,-0.000,0.000,IDLE,1
60.120,MANUAL,0.000,0.000,0.600,0.050,0.200,0.350,0.150,-0.001,3.142,0.000,0.000,0.000,IDLE,1
60.128,MANUAL,0.000,0.000,0.600,0.050,0.200,0.350,0.150,-0.001,3.142,-0.000,0.000,0.000,IDLE,1
60.136,MANUAL,0.000,0.000,0.600,0.050,0.200,0.350,0.150,-0.001,3.142,-0.000,-0.000,0.000,IDLE,1
60.144,MANUAL,0.000,0.000,0.600,0.050,0.200,0.350,0.150,-0.001,3.142,0.000,-0.000,0.000,IDLE,1
60.152,MANUAL,0.000,0.000,0.600,0.050,0.200,0.350,0.150,-0.001,3.142,0.000,-0.000,0.000,IDLE,1
60.160,MANUAL,0.000,0.000,0.600,0.050,0.200,0.350,0.150,-0.001,3.142,0.000,0.000,0.000,IDLE,1
60.168,MANUAL,0.000,0.000,0.600,0.050,0.200,0.350,0.150,-0.001,3.142,0.000,0.000,0.000,IDLE,1
60.176,MANUAL,0.000,0.000,0.600,0.050,0.200,0.350,0.150,-0.001,3.142,0.000,-0.000,0.000,IDLE,1
60.184,MANUAL,0.000,0.000,0.600,0.050,0.200,0.350,0.150,-0.001,3.142,-0.000,-0.000,0.000,IDLE,1
60.192,MANUAL,0.000,0.000,0.600,0.050,0.200,0.350,0.150,-0.001,3.142,-0.000,-0.000,0.000,IDLE,1
60.200,MANUAL,0.000,0.000,0.600,0.050,0.200,0.350,0.150,-0.001,3.142,0.000,0.000,0.000,IDLE,1
60.208,MANUAL,0.000,0.000,0.600,0.050,0.200,0.350,0.150,-0.001,3.142,0.000,-0.000,0.000,IDLE,1
60.216,MANUAL,0.000,0.000,0.600,0.050,0.200,0.350,0.150,-0.001,3.142,0.000,0.000,0.000,IDLE,1
60.224,MANUAL,0.000,0.000,0.600,0.050,0.200,0.350,0.150,-0.001,3.142,0.000,0.000,0.000,IDLE,1
60.232,MANUAL,0.000,0.000,0.600,0.050,0.200,0.350,0.150,-0.001,3.142,0.000,0.000,0.000,IDLE,1
60.240,MANUAL,0.000,0.000,0.600,0.050,0.200,0.350,0.150,-0.001,3.142,-0.000,-0.000,0.000,IDLE,1
60.248,MANUAL,0.000,0.000,0.600,0.050,0.200,0.350,0.150,-0.001,3.142,-0.000,-0.000,0.000,IDLE,1
60.256,MANUAL,0.000,0.000,0.600,0.050,0.200,0.350,0.150,-0.001,3.142,0.000,-0.000,0.000,IDLE,1
60.264,MANUAL,0.000,0.000,0.600,0.050,0.200,0.350,0.150,-0.001,3.142,0.000,0.000,0.000,IDLE,1
60.272,MANUAL,0.000,0.000,0.600,0.050,0.200,0.350,0.150,-0.001,3.142,0.000,0.000,0.000,IDLE,1
60.280,MANUAL,0.000,0.000,0.600,0.050,0.200,0.350,0.150,-0.001,3.142,0.000,0.000,0.000,IDLE,1
60.288,MANUAL,0.000,0.000,0.600,0.050,0.200,0.350,0.150,-0.001,3.142,0.000,0.000,0.000,IDLE,1
60.296,MANUAL,0.000,0.000,0.600,0.050,0.200,0.350,0.150,-0.001,3.142,0.000,0.000,0.000,IDLE,1
60.304,MANUAL,0.000,0.000,0.600,0.050,0.200,0.350,0.150,-0.001,3.142,0.000,-0.000,0.000,IDLE,1
60.312,MANUAL,0.000,0.000,0.600,0.050,0.200,0.350,0.150,-0.001,3.142,-0.000,-0.000,0.000,IDLE,1
60.320,MANUAL,0.000,0.000,0.600,0.050,0.200,0.350,0.150,-0.001,3.142,0.000,-0.000,0.000,IDLE,1
60.328,MANUAL,0.000,0.000,0.600,0.050,0.200,0.350,0.150,-0.001,3.142,0.000,0.000,0.000,IDLE,1
60.336,MANUAL,0.000,0.000,0.600,0.050,0.200,0.350,0.150,-0.001,3.142,0.000,0.000,0.000,IDLE,1
60.344,MANUAL,0.000,0.000,0.600,0.050,0.200,0.350,0.150,-0.001,3.142,0.000,0.000,0.000,IDLE,1
60.352,MANUAL,0.000,0.000,0.600,0.050,0.200,0.350,0.150,-0.001,3.142,0.000,0.000,0.000,IDLE,1
60.360,MANUAL,0.000,0.000,0.600,0.050,0.200,0.350,0.150,-0.001,3.142,-0.000,0.000,0.000,IDLE,1
60.368,MANUAL,0.000,0.000,0.600,0.050,0.200,0.350,0.150,-0.001,3.142,-0.000,-0.000,0.000,IDLE,1
60.376,MANUAL,0.000,0.000,0.600,0.050,0.200,0.350,0.150,-0.001,3.142,0.000,-0.000,0.000,IDLE,1
60.384,MANUAL,0.000,0.000,0.600,0.050,0.200,0.350,0.150,-0.001,3.142,0.000,-0.000,0.000,IDLE,1
60.392,MANUAL,0.000,0.000,0.600,0.050,0.200,0.350,0.150,-0.001,3.142,0.000,0.000,0.000,IDLE,1
60.400,MANUAL,0.000,0.000,0.600,0.050,0.200,0.350,0.150,-0.001,3.142,0.000,0.000,0.000,IDLE,1
60.408,MANUAL,0.000,0.000,0.600,0.050,0.200,0.350,0.150,-0.001,3.142,0.000,0.000,0.000,IDLE,1
60.416,MANUAL,0.000,0.000,0.600,0.050,0.200,0.350,0.150,-0.001,3.142,-0.000,0.000,0.000,IDLE,1
60.424,MANUAL,0.000,0.000,0.600,0.050,0.200,0.350,0.150,-0.001,3.142,-0.000,-0.000,0.000,IDLE,1
60.432,MANUAL,0.000,0.000,0.600,0.050,0.200,0.350,0.150,-0.001,3.142,0.000,-0.000,0.000,IDLE,1
60.440,MANUAL,0.000,0.000,0.600,0.050,0.200,0.350,0.150,-0.001,3.142,0.000,-0.000,0.000,IDLE,1
60.448,MANUAL,0.000,0.000,0.600,0.050,0.200,0.350,0.150,-0.001,3.142,0.000,-0.000,0.000,IDLE,1
60.456,MANUAL,0.000,0.000,0.600,0.050,0.200,0.350,0.150,-0.001,3.142,0.000,0.000,0.000,IDLE,1
60.464,MANUAL,0.000,0.000,0.600,0.050,0.200,0.350,0.150,-0.001,3.142,0.000,0.000,0.000,IDLE,1
60.472,MANUAL,0.000,0.000,0.600,0.050,0.200,0.350,0.150,-0.001,3.142,-0.000,0.000,0.000,IDLE,1
60.480,MANUAL,0.000,0.000,0.600,0.050,0.200,0.350,0.150,-0.001,3.142,-0.000,-0.000,0.000,IDLE,1
60.488,MANUAL,0.000,0.000,0.600,0.050,0.200,0.350,0.150,-0.001,3.142,0.000,0.000,0.000,IDLE,1
60.496,MANUAL,0.000,0.000,0.600,0.050,0.200,0.350,0.150,-0.001,3.142,0.000,-0.000,0.000,IDLE,1
60.504,MANUAL,0.000,0.000,0.600,0.050,0.200,0.350,0.150,-0.001,3.142,0.000,0.000,0.000,IDLE,1
60.512,MANUAL,0.000,0.000,0.600,0.050,0.200,0.350,0.150,-0.001,3.142,-0.000,-0.000,0.000,IDLE,1
60.520,MANUAL,0.000,0.000,0.600,0.050,0.200,0.350,0.150,-0.001,3.142,0.000,0.000,0.000,IDLE,1
60.528,MANUAL,0.000,0.000,0.600,0.050,0.200,0.350,0.150,-0.001,3.142,-0.000,0.000,0.000,IDLE,1
60.536,MANUAL,0.000,0.000,0.600,0.050,0.200,0.350,0.150,-0.001,3.142,-0.000,-0.000,0.000,IDLE,1
60.544,MANUAL,0.000,0.000,0.600,0.050,0.200,0.350,0.150,-0.001,3.142,0.000,-0.000,0.000,IDLE,1
60.552,MANUAL,0.000,0.000,0.600,0.050,0.200,0.350,0.150,-0.001,3.142,0.000,-0.000,0.000,IDLE,1
60.560,MANUAL,0.000,0.000,0.600,0.050,0.200,0.350,0.150,-0.001,3.142,0.000,0.000,0.000,IDLE,1
60.568,MANUAL,0.000,0.000,0.600,0.050,0.200,0.350,0.150,-0.001,3.142,0.000,0.000,0.000,IDLE,1
60.576,MANUAL,0.000,0.000,0.600,0.050,0.200,0.350,0.150,-0.001,3.142,0.000,-0.000,0.000,IDLE,1
60.584,MANUAL,0.000,0.000,0.600,0.050,0.200,0.350,0.150,-0.001,3.142,0.000,-0.000,0.000,IDLE,1
60.592,MANUAL,0.000,0.000,0.600,0.050,0.200,0.350,0.150,-0.001,3.142,-0.000,0.000,0.000,IDLE,1
60.600,MANUAL,0.000,0.000,0.600,0.050,0.200,0.350,0.150,-0.001,3.142,0.000,-0.000,0.000,IDLE,1
60.608,MANUAL,0.000,0.000,0.600,0.050,0.200,0.350,0.150,-0.001,3.142,0.000,-0.000,0.000,IDLE,1
60.616,MANUAL,0.000,0.000,0.600,0.050,0.200,0.350,0.150,-0.001,3.142,0.000,0.000,0.000,IDLE,1
60.624,MANUAL,0.000,0.000,0.600,0.050,0.200,0.350,0.150,-0.001,3.142,0.000,0.000,0.000,IDLE,1
60.632,MANUAL,0.000,0.000,0.600,0.050,0.200,0.350,0.150,-0.001,3.142,0.000,0.000,0.000,IDLE,1
60.640,MANUAL,0.000,0.000,0.600,0.050,0.200,0.350,0.150,-0.001,3.142,0.000,-0.000,0.000,IDLE,1
60.648,MANUAL,0.000,0.000,0.600,0.050,0.200,0.350,0.150,-0.001,3.142,-0.000,-0.000,0.000,IDLE,1
60.656,MANUAL,0.000,0.000,0.600,0.050,0.200,0.350,0.150,-0.001,3.142,-0.000,-0.000,0.000,IDLE,1
60.664,MANUAL,0.000,0.000,0.600,0.050,0.200,0.350,0.150,-0.001,3.142,0.000,0.000,0.000,IDLE,1
60.672,MANUAL,0.000,0.000,0.600,0.050,0.200,0.350,0.150,-0.001,3.142,0.000,-0.000,0.000,IDLE,1
60.680,MANUAL,0.000,0.000,0.600,0.050,0.200,0.350,0.150,-0.001,3.142,0.000,0.000,0.000,IDLE,1
60.688,MANUAL,0.000,0.000,0.600,0.050,0.200,0.350,0.150,-0.001,3.142,0.000,0.000,0.000,IDLE,1
60.696,MANUAL,0.000,0.000,0.600,0.050,0.200,0.350,0.150,-0.001,3.142,0.000,0.000,0.000,IDLE,1
60.704,MANUAL,0.000,0.000,0.600,0.050,0.200,0.350,0.150,-0.001,3.142,-0.000,-0.000,0.000,IDLE,1
60.712,MANUAL,0.000,0.000,0.600,0.050,0.200,0.350,0.150,-0.001,3.142,-0.000,-0.000,0.000,IDLE,1
60.720,MANUAL,0.000,0.000,0.600,0.050,0.200,0.350,0.150,-0.001,3.142,0.000,-0.000,0.000,IDLE,1
60.728,MANUAL,0.000,0.000,0.600,0.050,0.200,0.350,0.150,-0.001,3.142,0.000,-0.000,0.000,IDLE,1
60.736,MANUAL,0.000,0.000,0.600,0.050,0.200,0.350,0.150,-0.001,3.142,0.000,0.000,0.000,IDLE,1
60.744,MANUAL,0.000,0.000,0.600,0.050,0.200,0.350,0.150,-0.001,3.142,0.000,0.000,0.000,IDLE,1
60.752,MANUAL,0.000,0.000,0.600,0.050,0.200,0.350,0.150,-0.001,3.142,0.000,0.000,0.000,IDLE,1
60.760,MANUAL,0.000,0.000,0.600,0.050,0.200,0.350,0.150,-0.001,3.142,-0.000,0.000,0.000,IDLE,1
60.768,MANUAL,0.000,0.000,0.600,0.050,0.200,0.350,0.150,-0.001,3.142,-0.000,-0.000,0.000,IDLE,1
60.776,MANUAL,0.000,0.000,0.600,0.050,0.200,0.350,0.150,-0.001,3.142,0.000,-0.000,0.000,IDLE,1
60.784,MANUAL,0.000,0.000,0.600,0.050,0.200,0.350,0.150,-0.001,3.142,0.000,-0.000,0.000,IDLE,1
60.792,MANUAL,0.000,0.000,0.600,0.050,0.200,0.350,0.150,-0.001,3.142,0.000,0.000,0.000,IDLE,1
60.800,MANUAL,0.000,0.000,0.600,0.050,0.200,0.350,0.150,-0.001,3.142,0.000,0.000,0.000,IDLE,1
60.808,MANUAL,0.000,0.000,0.600,0.050,0.200,0.350,0.150,-0.001,3.142,0.000,0.000,0.000,IDLE,1
60.816,MANUAL,0.000,0.000,0.600,0.050,0.200,0.350,0.150,-0.001,3.142,-0.000,0.000,0.000,IDLE,1
60.824,MANUAL,0.000,0.000,0.600,0.050,0.200,0.350,0.150,-0.001,3.142,-0.000,-0.000,0.000,IDLE,1
60.832,MANUAL,0.000,0.000,0.600,0.050,0.200,0.350,0.150,-0.001,3.142,0.000,-0.000,0.000,IDLE,1
60.840,MANUAL,0.000,0.000,0.600,0.050,0.200,0.350,0.150,-0.001,3.142,0.000,-0.000,0.000,IDLE,1
60.848,MANUAL,0.000,0.000,0.600,0.050,0.200,0.350,0.150,-0.001,3.142,0.000,-0.000,0.000,IDLE,1
60.856,MANUAL,0.000,0.000,0.600,0.050,0.200,0.350,0.150,-0.001,3.142,0.000,0.000,0.000,IDLE,1
60.864,MANUAL,0.000,0.000,0.600,0.050,0.200,0.350,0.150,-0.001,3.142,0.000,0.000,0.000,IDLE,1
60.872,MANUAL,0.000,0.000,0.600,0.050,0.200,0.350,0.150,-0.001,3.142,0.000,0.000,0.000,IDLE,1
60.880,MANUAL,0.000,0.000,0.600,0.050,0.200,0.350,0.150,-0.001,3.142,-0.000,0.000,0.000,IDLE,1
60.888,MANUAL,0.000,0.000,0.600,0.050,0.200,0.350,0.150,-0.001,3.142,0.000,-0.000,0.000,IDLE,1
60.896,MANUAL,0.000,0.000,0.600,0.050,0.200,0.350,0.150,-0.001,3.142,0.000,-0.000,0.000,IDLE,1
60.904,MANUAL,0.000,0.000,0.600,0.050,0.200,0.350,0.150,-0.001,3.142,0.000,0.000,0.000,IDLE,1
60.912,MANUAL,0.000,0.000,0.600,0.050,0.200,0.350,0.150,-0.001,3.142,0.000,-0.000,0.000,IDLE,1
60.920,MANUAL,0.000,0.000,0.600,0.050,0.200,0.350,0.150,-0.001,3.142,0.000,-0.000,0.000,IDLE,1
60.928,MANUAL,0.000,0.000,0.600,0.050,0.200,0.350,0.150,-0.001,3.142,0.000,0.000,0.000,IDLE,1
60.936,MANUAL,0.000,0.000,0.600,0.050,0.200,0.350,0.150,-0.001,3.142,-0.000,0.000,0.000,IDLE,1
60.944,MANUAL,0.000,0.000,0.600,0.050,0.200,0.350,0.150,-0.001,3.142,-0.000,-0.000,0.000,IDLE,1
60.952,MANUAL,0.000,0.000,0.600,0.050,0.200,0.350,0.150,-0.001,3.142,0.000,0.000,0.000,IDLE,1
60.960,MANUAL,0.000,0.000,0.600,0.050,0.200,0.350,0.150,-0.001,3.142,0.000,-0.000,0.000,IDLE,1
60.968,MANUAL,0.000,0.000,0.600,0.050,0.200,0.350,0.150,-0.001,3.142,0.000,0.000,0.000,IDLE,1
60.976,MANUAL,0.000,0.000,0.600,0.050,0.200,0.350,0.150,-0.001,3.142,0.000,-0.000,0.000,IDLE,1
60.984,MANUAL,0.000,0.000,0.600,0.050,0.200,0.350,0.150,-0.001,3.142,0.000,-0.000,0.000,IDLE,1
60.992,MANUAL,0.000,0.000,0.600,0.050,0.200,0.350,0.150,-0.001,3.142,-0.000,0.000,0.000,IDLE,1
61.000,MANUAL,0.000,0.000,0.600,0.050,0.200,0.350,0.150,-0.001,3.142,-0.000,-0.000,0.000,IDLE,1
61.008,MANUAL,0.000,0.000,0.600,0.050,0.200,0.350,0.150,-0.001,3.142,0.000,0.000,0.000,IDLE,1
61.016,MANUAL,0.000,0.000,0.600,0.050,0.200,0.350,0.150,-0.001,3.142,0.000,-0.000,0.000,IDLE,1
61.024,MANUAL,0.000,0.000,0.600,0.050,0.200,0.350,0.150,-0.001,3.142,0.000,0.000,0.000,IDLE,1
61.032,MANUAL,0.000,0.000,0.600,0.050,0.200,0.350,0.150,-0.001,3.142,0.000,0.000,0.000,IDLE,1
61.040,MANUAL,0.000,0.000,0.600,0.050,0.200,0.350,0.150,-0.001,3.142,0.000,-0.000,0.000,IDLE,1
61.048,MANUAL,0.000,0.000,0.600,0.050,0.200,0.350,0.150,-0.001,3.142,-0.000,-0.000,0.000,IDLE,1
61.056,MANUAL,0.000,0.000,0.600,0.050,0.200,0.350,0.150,-0.001,3.142,-0.000,-0.000,0.000,IDLE,1
61.064,MANUAL,0.000,0.000,0.600,0.050,0.200,0.350,0.150,-0.001,3.142,0.000,0.000,0.000,IDLE,1
61.072,MANUAL,0.000,0.000,0.600,0.050,0.200,0.350,0.150,-0.001,3.142,0.000,-0.000,0.000,IDLE,1
61.080,MANUAL,0.000,0.000,0.600,0.050,0.200,0.350,0.150,-0.001,3.142,0.000,0.000,0.000,IDLE,1
61.088,MANUAL,0.000,0.000,0.600,0.050,0.200,0.350,0.150,-0.001,3.142,0.000,0.000,0.000,IDLE,1
61.096,MANUAL,0.000,0.000,0.600,0.050,0.200,0.350,0.150,-0.001,3.142,0.000,0.000,0.000,IDLE,1
61.104,MANUAL,0.000,0.000,0.600,0.050,0.200,0.350,0.150,-0.001,3.142,-0.000,-0.000,0.000,IDLE,1
61.112,MANUAL,0.000,0.000,0.600,0.050,0.200,0.350,0.150,-0.001,3.142,-0.000,-0.000,0.000,IDLE,1
61.120,MANUAL,0.000,0.000,0.600,0.050,0.200,0.350,0.150,-0.001,3.142,0.000,-0.000,0.000,IDLE,1
61.128,MANUAL,0.000,0.000,0.600,0.050,0.200,0.350,0.150,-0.001,3.142,0.000,-0.000,0.000,IDLE,1
61.136,MANUAL,0.000,0.000,0.600,0.050,0.200,0.350,0.150,-0.001,3.142,0.000,0.000,0.000,IDLE,1
61.144,MANUAL,0.000,0.000,0.600,0.050,0.200,0.350,0.150,-0.001,3.142,0.000,0.000,0.000,IDLE,1
61.152,MANUAL,0.000,0.000,0.600,0.050,0.200,0.350,0.150,-0.001,3.142,0.000,0.000,0.000,IDLE,1
61.160,MANUAL,0.000,0.000,0.600,0.050,0.200,0.350,0.150,-0.001,3.142,0.000,0.000,0.000,IDLE,1
61.168,MANUAL,0.000,0.000,0.600,0.050,0.200,0.350,0.150,-0.001,3.142,-0.000,-0.000,0.000,IDLE,1
61.176,MANUAL,0.000,0.000,0.600,0.050,0.200,0.350,0.150,-0.001,3.142,0.000,-0.000,0.000,IDLE,1
61.184,MANUAL,0.000,0.000,0.600,0.050,0.200,0.350,0.150,-0.001,3.142,0.000,-0.000,0.000,IDLE,1
61.192,MANUAL,0.000,0.000,0.600,0.050,0.200,0.350,0.150,-0.001,3.142,0.000,0.000,0.000,IDLE,1
61.200,MANUAL,0.000,0.000,0.600,0.050,0.200,0.350,0.150,-0.001,3.142,0.000,0.000,0.000,IDLE,1
61.208,MANUAL,0.000,0.000,0.600,0.050,0.200,0.350,0.150,-0.001,3.142,0.000,0.000,0.000,IDLE,1
61.216,MANUAL,0.000,0.000,0.600,0.050,0.200,0.350,0.150,-0.001,3.142,0.000,0.000,0.000,IDLE,1
61.224,MANUAL,0.000,0.000,0.600,0.050,0.200,0.350,0.150,-0.001,3.142,-0.000,0.000,0.000,IDLE,1
61.232,MANUAL,0.000,0.000,0.600,0.050,0.200,0.350,0.150,-0.001,3.142,-0.000,-0.000,0.000,IDLE,1
61.240,MANUAL,0.000,0.000,0.600,0.050,0.200,0.350,0.150,-0.001,3.142,0.000,-0.000,0.000,IDLE,1
61.248,MANUAL,0.000,0.000,0.600,0.050,0.200,0.350,0.150,-0.001,3.142,-0.000,-0.000,0.000,IDLE,1
61.256,MANUAL,0.000,0.000,0.600,0.050,0.200,0.350,0.150,-0.001,3.142,0.000,0.000,0.000,IDLE,1
61.264,MANUAL,0.000,0.000,0.600,0.050,0.200,0.350,0.150,-0.001,3.142,0.000,0.000,0.000,IDLE,1
61.272,MANUAL,0.000,0.000,0.600,0.050,0.200,0.350,0.150,-0.001,3.142,0.000,0.000,0.000,IDLE,1
61.280,MANUAL,0.000,0.000,0.600,0.050,0.200,0.350,0.150,-0.001,3.142,-0.000,0.000,0.000,IDLE,1
61.288,MANUAL,0.000,0.000,0.600,0.050,0.200,0.350,0.150,-0.001,3.142,-0.000,-0.000,0.000,IDLE,1
61.296,MANUAL,0.000,0.000,0.600,0.050,0.200,0.350,0.150,-0.001,3.142,0.000,-0.000,0.000,IDLE,1
61.304,MANUAL,0.000,0.000,0.600,0.050,0.200,0.350,0.150,-0.001,3.142,0.000,-0.000,0.000,IDLE,1
61.312,MANUAL,0.000,0.000,0.600,0.050,0.200,0.350,0.150,-0.001,3.142,0.000,-0.000,0.000,IDLE,1
61.320,MANUAL,0.000,0.000,0.600,0.050,0.200,0.350,0.150,-0.001,3.142,0.000,-0.000,0.000,IDLE,1
61.328,MANUAL,0.000,0.000,0.600,0.050,0.200,0.350,0.150,-0.001,3.142,0.000,0.000,0.000,IDLE,1
61.336,MANUAL,0.000,0.000,0.600,0.050,0.200,0.350,0.150,-0.001,3.142,-0.000,0.000,0.000,IDLE,1
61.344,MANUAL,0.000,0.000,0.600,0.050,0.200,0.350,0.150,-0.001,3.142,-0.000,-0.000,0.000,IDLE,1
61.352,MANUAL,0.000,0.000,0.600,0.050,0.200,0.350,0.150,-0.001,3.142,0.000,0.000,0.000,IDLE,1
61.360,MANUAL,0.000,0.000,0.600,0.050,0.200,0.350,0.150,-0.001,3.142,0.000,-0.000,0.000,IDLE,1
61.368,MANUAL,0.000,0.000,0.600,0.050,0.200,0.350,0.150,-0.001,3.142,0.000,0.000,0.000,IDLE,1
61.376,MANUAL,0.000,0.000,0.600,0.050,0.200,0.350,0.150,-0.001,3.142,0.000,-0.000,0.000,IDLE,1
61.384,MANUAL,0.000,0.000,0.600,0.050,0.200,0.350,0.150,-0.001,3.142,0.000,-0.000,0.000,IDLE,1
61.392,MANUAL,0.000,0.000,0.600,0.050,0.200,0.350,0.150,-0.001,3.142,-0.000,0.000,0.000,IDLE,1
61.400,MANUAL,0.000,0.000,0.600,0.050,0.200,0.350,0.150,-0.001,3.142,-0.000,-0.000,0.000,IDLE,1
61.408,MANUAL,0.000,0.000,0.600,0.050,0.200,0.350,0.150,-0.001,3.142,0.000,-0.000,0.000,IDLE,1
61.416,MANUAL,0.000,0.000,0.600,0.050,0.200,0.350,0.150,-0.001,3.142,0.000,-0.000,0.000,IDLE,1
61.424,MANUAL,0.000,0.000,0.600,0.050,0.200,0.350,0.150,-0.001,3.142,0.000,0.000,0.000,IDLE,1
61.432,MANUAL,0.000,0.000,0.600,0.050,0.200,0.350,0.150,-0.001,3.142,0.000,0.000,0.000,IDLE,1
61.440,MANUAL,0.000,0.000,0.600,0.050,0.200,0.350,0.150,-0.001,3.142,0.000,-0.000,0.000,IDLE,1
61.448,MANUAL,0.000,0.000,0.600,0.050,0.200,0.350,0.150,-0.001,3.142,-0.000,-0.000,0.000,IDLE,1
61.456,MANUAL,0.000,0.000,0.600,0.050,0.200,0.350,0.150,-0.001,3.142,-0.000,-0.000,0.000,IDLE,1
61.464,MANUAL,0.000,0.000,0.600,0.050,0.200,0.350,0.150,-0.001,3.142,0.000,-0.000,0.000,IDLE,1
61.472,MANUAL,0.000,0.000,0.600,0.050,0.200,0.350,0.150,-0.001,3.142,0.000,-0.000,0.000,IDLE,1
61.480,MANUAL,0.000,0.000,0.600,0.050,0.200,0.350,0.150,-0.001,3.142,0.000,0.000,0.000,IDLE,1
61.488,MANUAL,0.000,0.000,0.600,0.050,0.200,0.350,0.150,-0.001,3.142,0.000,0.000,0.000,IDLE,1
61.496,MANUAL,0.000,0.000,0.600,0.050,0.200,0.350,0.150,-0.001,3.142,0.000,0.000,0.000,IDLE,1
61.504,MANUAL,0.000,0.000,0.600,0.050,0.200,0.350,0.150,-0.001,3.142,0.000,0.000,0.000,IDLE,1
61.512,MANUAL,0.000,0.000,0.600,0.050,0.200,0.350,0.150,-0.001,3.142,-0.000,-0.000,0.000,IDLE,1
61.520,MANUAL,0.000,0.000,0.600,0.050,0.200,0.350,0.150,-0.001,3.142,-0.000,-0.000,0.000,IDLE,1
61.528,MANUAL,0.000,0.000,0.600,0.050,0.200,0.350,0.150,-0.001,3.142,0.000,0.000,0.000,IDLE,1
61.536,MANUAL,0.000,0.000,0.600,0.050,0.200,0.350,0.150,-0.001,3.142,0.000,-0.000,0.000,IDLE,1
61.544,MANUAL,0.000,0.000,0.600,0.050,0.200,0.350,0.150,-0.001,3.142,0.000,0.000,0.000,IDLE,1
61.552,MANUAL,0.000,0.000,0.600,0.050,0.200,0.350,0.150,-0.001,3.142,0.000,0.000,0.000,IDLE,1
61.560,MANUAL,0.000,0.000,0.600,0.050,0.200,0.350,0.150,-0.001,3.142,0.000,0.000,0.000,IDLE,1
61.568,MANUAL,0.000,0.000,0.600,0.050,0.200,0.350,0.150,-0.001,3.142,-0.000,0.000,0.000,IDLE,1
61.576,MANUAL,0.000,0.000,0.600,0.050,0.200,0.350,0.150,-0.001,3.142,-0.000,-0.000,0.000,IDLE,1
61.584,MANUAL,0.000,0.000,0.600,0.050,0.200,0.350,0.150,-0.001,3.142,0.000,-0.000,0.000,IDLE,1
61.592,MANUAL,0.000,0.000,0.600,0.050,0.200,0.350,0.150,-0.001,3.142,0.000,-0.000,0.000,IDLE,1
61.600,MANUAL,0.000,0.000,0.600,0.050,0.200,0.350,0.150,-0.001,3.142,0.000,0.000,0.000,IDLE,1
61.608,MANUAL,0.000,0.000,0.600,0.050,0.200,0.350,0.150,-0.001,3.142,0.000,0.000,0.000,IDLE,1
61.616,MANUAL,0.000,0.000,0.600,0.050,0.200,0.350,0.150,-0.001,3.142,0.000,0.000,0.000,IDLE,1
61.624,MANUAL,0.000,0.000,0.600,0.050,0.200,0.350,0.150,-0.001,3.142,-0.000,0.000,0.000,IDLE,1
61.632,MANUAL,0.000,0.000,0.600,0.050,0.200,0.350,0.150,-0.001,3.142,-0.000,-0.000,0.000,IDLE,1
61.640,MANUAL,0.000,0.000,0.600,0.050,0.200,0.350,0.150,-0.001,3.142,0.000,-0.000,0.000,IDLE,1
61.648,MANUAL,0.000,0.000,0.600,0.050,0.200,0.350,0.150,-0.001,3.142,0.000,-0.000,0.000,IDLE,1
61.656,MANUAL,0.000,0.000,0.600,0.050,0.200,0.350,0.150,-0.001,3.142,0.000,-0.000,0.000,IDLE,1
61.664,MANUAL,0.000,0.000,0.600,0.050,0.200,0.350,0.150,-0.001,3.142,0.000,0.000,0.000,IDLE,1
61.672,MANUAL,0.000,0.000,0.600,0.050,0.200,0.350,0.150,-0.001,3.142,0.000,0.000,0.000,IDLE,1
61.680,MANUAL,0.000,0.000,0.600,0.050,0.200,0.350,0.150,-0.001,3.142,-0.000,0.000,0.000,IDLE,1
61.688,MANUAL,0.000,0.000,0.600,0.050,0.200,0.350,0.150,-0.001,3.142,-0.000,-0.000,0.000,IDLE,1
61.696,MANUAL,0.000,0.000,0.600,0.050,0.200,0.350,0.150,-0.001,3.142,0.000,-0.000,0.000,IDLE,1
61.704,MANUAL,0.000,0.000,0.600,0.050,0.200,0.350,0.150,-0.001,3.142,0.000,-0.000,0.000,IDLE,1
61.712,MANUAL,0.000,0.000,0.600,0.050,0.200,0.350,0.150,-0.001,3.142,0.000,-0.000,0.000,IDLE,1
61.720,MANUAL,0.000,0.000,0.600,0.050,0.200,0.350,0.150,-0.001,3.142,0.000,-0.000,0.000,IDLE,1
61.728,MANUAL,0.000,0.000,0.600,0.050,0.200,0.350,0.150,-0.001,3.142,0.000,0.000,0.000,IDLE,1
61.736,MANUAL,0.000,0.000,0.600,0.050,0.200,0.350,0.150,-0.001,3.142,0.000,0.000,0.000,IDLE,1
61.744,MANUAL,0.000,0.000,0.600,0.050,0.200,0.350,0.150,-0.001,3.142,-0.000,0.000,0.000,IDLE,1
61.752,MANUAL,0.000,0.000,0.600,0.050,0.200,0.350,0.150,-0.001,3.142,0.000,-0.000,0.000,IDLE,1
61.760,MANUAL,0.000,0.000,0.600,0.050,0.200,0.350,0.150,-0.001,3.142,0.000,-0.000,0.000,IDLE,1
61.768,MANUAL,0.000,0.000,0.600,0.050,0.200,0.350,0.150,-0.001,3.142,0.000,0.000,0.000,IDLE,1
61.776,MANUAL,0.000,0.000,0.600,0.050,0.200,0.350,0.150,-0.001,3.142,0.000,-0.000,0.000,IDLE,1
61.784,MANUAL,0.000,0.000,0.600,0.050,0.200,0.350,0.150,-0.001,3.142,0.000,-0.000,0.000,IDLE,1
61.792,MANUAL,0.000,0.000,0.600,0.050,0.200,0.350,0.150,-0.001,3.142,0.000,0.000,0.000,IDLE,1
61.800,MANUAL,0.000,0.000,0.600,0.050,0.200,0.350,0.150,-0.001,3.142,-0.000,0.000,0.000,IDLE,1
61.808,MANUAL,0.000,0.000,0.600,0.050,0.200,0.350,0.150,-0.001,3.142,-0.000,-0.000,0.000,IDLE,1
61.816,MANUAL,0.000,0.000,0.600,0.050,0.200,0.350,0.150,-0.001,3.142,0.000,0.000,0.000,IDLE,1
61.824,MANUAL,0.000,0.000,0.600,0.050,0.200,0.350,0.150,-0.001,3.142,0.000,-0.000,0.000,IDLE,1
61.832,MANUAL,0.000,0.000,0.600,0.050,0.200,0.350,0.150,-0.001,3.142,0.000,0.000,0.000,IDLE,1
61.840,MANUAL,0.000,0.000,0.600,0.050,0.200,0.350,0.150,-0.001,3.142,0.000,0.000,0.000,IDLE,1
61.848,MANUAL,0.000,0.000,0.600,0.050,0.200,0.350,0.150,-0.001,3.142,0.000,-0.000,0.000,IDLE,1
61.856,MANUAL,0.000,0.000,0.600,0.050,0.200,0.350,0.150,-0.001,3.142,-0.000,-0.000,0.000,IDLE,1
61.864,MANUAL,0.000,0.000,0.600,0.050,0.200,0.350,0.150,-0.001,3.142,-0.000,-0.000,0.000,IDLE,1
61.872,MANUAL,0.000,0.000,0.600,0.050,0.200,0.350,0.150,-0.001,3.142,0.000,-0.000,0.000,IDLE,1
61.880,MANUAL,0.000,0.000,0.600,0.050,0.200,0.350,0.150,-0.001,3.142,0.000,-0.000,0.000,IDLE,1
61.888,MANUAL,0.000,0.000,0.600,0.050,0.200,0.350,0.150,-0.001,3.142,0.000,0.000,0.000,IDLE,1
61.896,MANUAL,0.000,0.000,0.600,0.050,0.200,0.350,0.150,-0.001,3.142,0.000,0.000,0.000,IDLE,1
61.904,MANUAL,0.000,0.000,0.600,0.050,0.200,0.350,0.150,-0.001,3.142,0.000,0.000,0.000,IDLE,1
61.912,MANUAL,0.000,0.000,0.600,0.050,0.200,0.350,0.150,-0.001,3.142,-0.000,-0.000,0.000,IDLE,1
61.920,MANUAL,0.000,0.000,0.600,0.050,0.200,0.350,0.150,-0.001,3.142,-0.000,-0.000,0.000,IDLE,1
61.928,MANUAL,0.000,0.000,0.600,0.050,0.200,0.350,0.150,-0.001,3.142,0.000,0.000,0.000,IDLE,1
61.936,MANUAL,0.000,0.000,0.600,0.050,0.200,0.350,0.150,-0.001,3.142,0.000,-0.000,0.000,IDLE,1
61.944,MANUAL,0.000,0.000,0.600,0.050,0.200,0.350,0.150,-0.001,3.142,0.000,0.000,0.000,IDLE,1
61.952,MANUAL,0.000,0.000,0.600,0.050,0.200,0.350,0.150,-0.001,3.142,0.000,0.000,0.000,IDLE,1
61.960,MANUAL,0.000,0.000,0.600,0.050,0.200,0.350,0.150,-0.001,3.142,0.000,0.000,0.000,IDLE,1
61.968,MANUAL,0.000,0.000,0.600,0.050,0.200,0.350,0.150,-0.001,3.142,0.000,0.000,0.000,IDLE,1
61.976,MANUAL,0.000,0.000,0.600,0.050,0.200,0.350,0.150,-0.001,3.142,0.000,-0.000,0.000,IDLE,1
61.984,MANUAL,0.000,0.000,0.600,0.050,0.200,0.350,0.150,-0.001,3.142,-0.000,-0.000,0.000,IDLE,1
61.992,MANUAL,0.000,0.000,0.600,0.050,0.200,0.350,0.150,-0.001,3.142,0.000,-0.000,0.000,IDLE,1
62.000,MANUAL,0.000,0.000,0.600,0.050,0.200,0.350,0.150,-0.001,3.142,0.000,0.000,0.000,IDLE,1
62.008,MANUAL,0.000,0.000,0.600,0.050,0.200,0.350,0.150,-0.001,3.142,0.000,0.000,0.000,IDLE,1
62.016,MANUAL,0.000,0.000,0.600,0.050,0.200,0.350,0.150,-0.001,3.142,0.000,0.000,0.000,IDLE,1
62.024,MANUAL,0.000,0.000,0.600,0.050,0.200,0.350,0.150,-0.001,3.142,0.000,0.000,0.000,IDLE,1
62.032,MANUAL,0.000,0.000,0.600,0.050,0.200,0.350,0.150,-0.001,3.142,-0.000,0.000,0.000,IDLE,1
62.040,MANUAL,0.000,0.000,0.600,0.050,0.200,0.350,0.150,-0.001,3.142,-0.000,-0.000,0.000,IDLE,1
62.048,MANUAL,0.000,0.000,0.600,0.050,0.200,0.350,0.150,-0.001,3.142,0.000,-0.000,0.000,IDLE,1
62.056,MANUAL,0.000,0.000,0.600,0.050,0.200,0.350,0.150,-0.001,3.142,0.000,-0.000,0.000,IDLE,1
62.064,MANUAL,0.000,0.000,0.600,0.050,0.200,0.350,0.150,-0.001,3.142,0.000,0.000,0.000,IDLE,1
62.072,MANUAL,0.000,0.000,0.600,0.050,0.200,0.350,0.150,-0.001,3.142,0.000,0.000,0.000,IDLE,1
62.080,MANUAL,0.000,0.000,0.600,0.050,0.200,0.350,0.150,-0.001,3.142,0.000,0.000,0.000,IDLE,1
62.088,MANUAL,0.000,0.000,0.600,0.050,0.200,0.350,0.150,-0.001,3.142,-0.000,0.000,0.000,IDLE,1
62.096,MANUAL,0.000,0.000,0.600,0.050,0.200,0.350,0.150,-0.001,3.142,-0.000,-0.000,0.000,IDLE,1
62.104,MANUAL,0.000,0.000,0.600,0.050,0.200,0.350,0.150,-0.001,3.142,0.000,-0.000,0.000,IDLE,1
62.112,MANUAL,0.000,0.000,0.600,0.050,0.200,0.350,0.150,-0.001,3.142,0.000,-0.000,0.000,IDLE,1
62.120,MANUAL,0.000,0.000,0.600,0.050,0.200,0.350,0.150,-0.001,3.142,0.000,-0.000,0.000,IDLE,1
62.128,MANUAL,0.000,0.000,0.600,0.050,0.200,0.350,0.150,-0.001,3.142,0.000,0.000,0.000,IDLE,1
62.136,MANUAL,0.000,0.000,0.600,0.050,0.200,0.350,0.150,-0.001,3.142,0.000,0.000,0.000,IDLE,1
62.144,MANUAL,0.000,0.000,0.600,0.050,0.200,0.350,0.150,-0.001,3.142,-0.000,0.000,0.000,IDLE,1
62.152,MANUAL,0.000,0.000,0.600,0.050,0.200,0.350,0.150,-0.001,3.142,-0.000,-0.000,0.000,IDLE,1
62.160,MANUAL,0.000,0.000,0.600,0.050,0.200,0.350,0.150,-0.001,3.142,0.000,-0.000,0.000,IDLE,1
62.168,MANUAL,0.000,0.000,0.600,0.050,0.200,0.350,0.150,-0.001,3.142,0.000,-0.000,0.000,IDLE,1
62.176,MANUAL,0.000,0.000,0.600,0.050,0.200,0.350,0.150,-0.001,3.142,0.000,-0.000,0.000,IDLE,1
62.184,MANUAL,0.000,0.000,0.600,0.050,0.200,0.350,0.150,-0.001,3.142,-0.000,-0.000,0.000,IDLE,1
62.192,MANUAL,0.000,0.000,0.600,0.050,0.200,0.350,0.150,-0.001,3.142,0.000,0.000,0.000,IDLE,1
62.200,MANUAL,0.000,0.000,0.600,0.050,0.200,0.350,0.150,-0.001,3.142,-0.000,0.000,0.000,IDLE,1
62.208,MANUAL,0.000,0.000,0.600,0.050,0.200,0.350,0.150,-0.001,3.142,-0.000,-0.000,0.000,IDLE,1
62.216,MANUAL,0.000,0.000,0.600,0.050,0.200,0.350,0.150,-0.001,3.142,0.000,0.000,0.000,IDLE,1
62.224,MANUAL,0.000,0.000,0.600,0.050,0.200,0.350,0.150,-0.001,3.142,0.000,-0.000,0.000,IDLE,1
62.232,MANUAL,0.000,0.000,0.600,0.050,0.200,0.350,0.150,-0.001,3.142,0.000,0.000,0.000,IDLE,1
62.240,MANUAL,0.000,0.000,0.600,0.050,0.200,0.350,0.150,-0.001,3.142,0.000,0.000,0.000,IDLE,1
62.248,MANUAL,0.000,0.000,0.600,0.050,0.200,0.350,0.150,-0.001,3.142,0.000,-0.000,0.000,IDLE,1
62.256,MANUAL,0.000,0.000,0.600,0.050,0.200,0.350,0.150,-0.001,3.142,0.000,-0.000,0.000,IDLE,1
62.264,MANUAL,0.000,0.000,0.600,0.050,0.200,0.350,0.150,-0.001,3.142,-0.000,0.000,0.000,IDLE,1
62.272,MANUAL,0.000,0.000,0.600,0.050,0.200,0.350,0.150,-0.001,3.142,0.000,-0.000,0.000,IDLE,1
62.280,MANUAL,0.000,0.000,0.600,0.050,0.200,0.350,0.150,-0.001,3.142,0.000,-0.000,0.000,IDLE,1
62.288,MANUAL,0.000,0.000,0.600,0.050,0.200,0.350,0.150,-0.001,3.142,0.000,0.000,0.000,IDLE,1
62.296,MANUAL,0.000,0.000,0.600,0.050,0.200,0.350,0.150,-0.001,3.142,0.000,0.000,0.000,IDLE,1
62.304,MANUAL,0.000,0.000,0.600,0.050,0.200,0.350,0.150,-0.001,3.142,0.000,0.000,0.000,IDLE,1
62.312,MANUAL,0.000,0.000,0.600,0.050,0.200,0.350,0.150,-0.001,3.142,0.000,-0.000,0.000,IDLE,1
62.320,MANUAL,0.000,0.000,0.600,0.050,0.200,0.350,0.150,-0.001,3.142,-0.000,-0.000,0.000,IDLE,1
62.328,MANUAL,0.000,0.000,0.600,0.050,0.200,0.350,0.150,-0.001,3.142,-0.000,-0.000,0.000,IDLE,1
62.336,MANUAL,0.000,0.000,0.600,0.050,0.200,0.350,0.150,-0.001,3.142,0.000,0.000,0.000,IDLE,1
62.344,MANUAL,0.000,0.000,0.600,0.050,0.200,0.350,0.150,-0.001,3.142,0.000,-0.000,0.000,IDLE,1
62.352,MANUAL,0.000,0.000,0.600,0.050,0.200,0.350,0.150,-0.001,3.142,0.000,0.000,0.000,IDLE,1
62.360,MANUAL,0.000,0.000,0.600,0.050,0.200,0.350,0.150,-0.001,3.142,0.000,0.000,0.000,IDLE,1
62.368,MANUAL,0.000,0.000,0.600,0.050,0.200,0.350,0.150,-0.001,3.142,0.000,0.000,0.000,IDLE,1
62.376,MANUAL,0.000,0.000,0.600,0.050,0.200,0.350,0.150,-0.001,3.142,-0.000,0.000,0.000,IDLE,1
62.384,MANUAL,0.000,0.000,0.600,0.050,0.200,0.350,0.150,-0.001,3.142,-0.000,-0.000,0.000,IDLE,1
62.392,MANUAL,0.000,0.000,0.600,0.050,0.200,0.350,0.150,-0.001,3.142,0.000,-0.000,0.000,IDLE,1
62.400,MANUAL,0.000,0.000,0.600,0.050,0.200,0.350,0.150,-0.001,3.142,0.000,-0.000,0.000,IDLE,1
62.408,MANUAL,0.000,0.000,0.600,0.050,0.200,0.350,0.150,-0.001,3.142,0.000,0.000,0.000,IDLE,1
62.416,MANUAL,0.000,0.000,0.600,0.050,0.200,0.350,0.150,-0.001,3.142,0.000,0.000,0.000,IDLE,1
62.424,MANUAL,0.000,0.000,0.600,0.050,0.200,0.350,0.150,-0.001,3.142,0.000,0.000,0.000,IDLE,1
62.432,MANUAL,0.000,0.000,0.600,0.050,0.200,0.350,0.150,-0.001,3.142,-0.000,-0.000,0.000,IDLE,1
62.440,MANUAL,0.000,0.000,0.600,0.050,0.200,0.350,0.150,-0.001,3.142,-0.000,-0.000,0.000,IDLE,1
62.448,MANUAL,0.000,0.000,0.600,0.050,0.200,0.350,0.150,-0.001,3.142,0.000,-0.000,0.000,IDLE,1
62.456,MANUAL,0.000,0.000,0.600,0.050,0.200,0.350,0.150,-0.001,3.142,0.000,-0.000,0.000,IDLE,1
62.464,MANUAL,0.000,0.000,0.600,0.050,0.200,0.350,0.150,-0.001,3.142,0.000,0.000,0.000,IDLE,1
62.472,MANUAL,0.000,0.000,0.600,0.050,0.200,0.350,0.150,-0.001,3.142,0.000,0.000,0.000,IDLE,1
62.480,MANUAL,0.000,0.000,0.600,0.050,0.200,0.350,0.150,-0.001,3.142,0.000,0.000,0.000,IDLE,1
62.488,MANUAL,0.000,0.000,0.600,0.050,0.200,0.350,0.150,-0.001,3.142,-0.000,0.000,0.000,IDLE,1
62.496,MANUAL,0.000,0.000,0.600,0.050,0.200,0.350,0.150,-0.001,3.142,-0.000,-0.000,0.000,IDLE,1
62.504,MANUAL,0.000,0.000,0.600,0.050,0.200,0.350,0.150,-0.001,3.142,0.000,0.000,0.000,IDLE,1
62.512,MANUAL,0.000,0.000,0.600,0.050,0.200,0.350,0.150,-0.001,3.142,0.000,-0.000,0.000,IDLE,1
62.520,MANUAL,0.000,0.000,0.600,0.050,0.200,0.350,0.150,-0.001,3.142,0.000,-0.000,0.000,IDLE,1
62.528,MANUAL,0.000,0.000,0.600,0.050,0.200,0.350,0.150,-0.001,3.142,0.000,0.000,0.000,IDLE,1
62.536,MANUAL,0.000,0.000,0.600,0.050,0.200,0.350,0.150,-0.001,3.142,0.000,0.000,0.000,IDLE,1
62.544,MANUAL,0.000,0.000,0.600,0.050,0.200,0.350,0.150,-0.001,3.142,0.000,0.000,0.000,IDLE,1
62.552,MANUAL,0.000,0.000,0.600,0.050,0.200,0.350,0.150,-0.001,3.142,-0.000,0.000,0.000,IDLE,1
62.560,MANUAL,0.000,0.000,0.600,0.050,0.200,0.350,0.150,-0.001,3.142,0.000,-0.000,0.000,IDLE,1
62.568,MANUAL,0.000,0.000,0.600,0.050,0.200,0.350,0.150,-0.001,3.142,0.000,-0.000,0.000,IDLE,1
62.576,MANUAL,0.000,0.000,0.600,0.050,0.200,0.350,0.150,-0.001,3.142,0.000,0.000,0.000,IDLE,1
62.584,MANUAL,0.000,0.000,0.600,0.050,0.200,0.350,0.150,-0.001,3.142,0.000,-0.000,0.000,IDLE,1
62.592,MANUAL,0.000,0.000,0.600,0.050,0.200,0.350,0.150,-0.001,3.142,0.000,-0.000,0.000,IDLE,1
62.600,MANUAL,0.000,0.000,0.600,0.050,0.200,0.350,0.150,-0.001,3.142,0.000,0.000,0.000,IDLE,1
62.608,MANUAL,0.000,0.000,0.600,0.050,0.200,0.350,0.150,-0.001,3.142,-0.000,0.000,0.000,IDLE,1
62.616,MANUAL,0.000,0.000,0.600,0.050,0.200,0.350,0.150,-0.001,3.142,-0.000,-0.000,0.000,IDLE,1
62.624,MANUAL,0.000,0.000,0.600,0.050,0.200,0.350,0.150,-0.001,3.142,0.000,-0.000,0.000,IDLE,1
62.632,MANUAL,0.000,0.000,0.600,0.050,0.200,0.350,0.150,-0.001,3.142,0.000,-0.000,0.000,IDLE,1
62.640,MANUAL,0.000,0.000,0.600,0.050,0.200,0.350,0.150,-0.001,3.142,0.000,0.000,0.000,IDLE,1
62.648,MANUAL,0.000,0.000,0.600,0.050,0.200,0.350,0.150,-0.001,3.142,0.000,-0.000,0.000,IDLE,1
62.656,MANUAL,0.000,0.000,0.600,0.050,0.200,0.350,0.150,-0.001,3.142,0.000,-0.000,0.000,IDLE,1
62.664,MANUAL,0.000,0.000,0.600,0.050,0.200,0.350,0.150,-0.001,3.142,-0.000,0.000,0.000,IDLE,1
62.672,MANUAL,0.000,0.000,0.600,0.050,0.200,0.350,0.150,-0.001,3.142,-0.000,-0.000,0.000,IDLE,1
62.680,MANUAL,0.000,0.000,0.600,0.050,0.200,0.350,0.150,-0.001,3.142,0.000,0.000,0.000,IDLE,1
62.688,MANUAL,0.000,0.000,0.600,0.050,0.200,0.350,0.150,-0.001,3.142,0.000,-0.000,0.000,IDLE,1
62.696,MANUAL,0.000,0.000,0.600,0.050,0.200,0.350,0.150,-0.001,3.142,0.000,0.000,0.000,IDLE,1
62.704,MANUAL,0.000,0.000,0.600,0.050,0.200,0.350,0.150,-0.001,3.142,0.000,0.000,0.000,IDLE,1
62.712,MANUAL,0.000,0.000,0.600,0.050,0.200,0.350,0.150,-0.001,3.142,0.000,0.000,0.000,IDLE,1
62.720,MANUAL,0.000,0.000,0.600,0.050,0.200,0.350,0.150,-0.001,3.142,-0.000,-0.000,0.000,IDLE,1
62.728,MANUAL,0.000,0.000,0.600,0.050,0.200,0.350,0.150,-0.001,3.142,0.000,-0.000,0.000,IDLE,1
62.736,MANUAL,0.000,0.000,0.600,0.050,0.200,0.350,0.150,-0.001,3.142,0.000,-0.000,0.000,IDLE,1
62.744,MANUAL,0.000,0.000,0.600,0.050,0.200,0.350,0.150,-0.001,3.142,0.000,-0.000,0.000,IDLE,1
62.752,MANUAL,0.000,0.000,0.600,0.050,0.200,0.350,0.150,-0.001,3.142,0.000,0.000,0.000,IDLE,1
62.760,MANUAL,0.000,0.000,0.600,0.050,0.200,0.350,0.150,-0.001,3.142,0.000,0.000,0.000,IDLE,1
62.768,MANUAL,0.000,0.000,0.600,0.050,0.200,0.350,0.150,-0.001,3.142,0.000,0.000,0.000,IDLE,1
62.776,MANUAL,0.000,0.000,0.600,0.050,0.200,0.350,0.150,-0.001,3.142,-0.000,0.000,0.000,IDLE,1
62.784,MANUAL,0.000,0.000,0.600,0.050,0.200,0.350,0.150,-0.001,3.142,-0.000,-0.000,0.000,IDLE,1
62.792,MANUAL,0.000,0.000,0.600,0.050,0.200,0.350,0.150,-0.001,3.142,0.000,-0.000,0.000,IDLE,1
62.800,MANUAL,0.000,0.000,0.600,0.050,0.200,0.350,0.150,-0.001,3.142,0.000,-0.000,0.000,IDLE,1
62.808,MANUAL,0.000,0.000,0.600,0.050,0.200,0.350,0.150,-0.001,3.142,0.000,0.000,0.000,IDLE,1
62.816,MANUAL,0.000,0.000,0.600,0.050,0.200,0.350,0.150,-0.001,3.142,0.000,0.000,0.000,IDLE,1
62.824,MANUAL,0.000,0.000,0.600,0.050,0.200,0.350,0.150,-0.001,3.142,0.000,0.000,0.000,IDLE,1
62.832,MANUAL,0.000,0.000,0.600,0.050,0.200,0.350,0.150,-0.001,3.142,0.000,0.000,0.000,IDLE,1
62.840,MANUAL,0.000,0.000,0.600,0.050,0.200,0.350,0.150,-0.001,3.142,-0.000,0.000,0.000,IDLE,1
62.848,MANUAL,0.000,0.000,0.600,0.050,0.200,0.350,0.150,-0.001,3.142,0.000,-0.000,0.000,IDLE,1
62.856,MANUAL,0.000,0.000,0.600,0.050,0.200,0.350,0.150,-0.001,3.142,0.000,-0.000,0.000,IDLE,1
62.864,MANUAL,0.000,0.000,0.600,0.050,0.200,0.350,0.150,-0.001,3.142,0.000,0.000,0.000,IDLE,1
62.872,MANUAL,0.000,0.000,0.600,0.050,0.200,0.350,0.150,-0.001,3.142,0.000,0.000,0.000,IDLE,1
62.880,MANUAL,0.000,0.000,0.600,0.050,0.200,0.350,0.150,-0.001,3.142,0.000,0.000,0.000,IDLE,1
62.888,MANUAL,0.000,0.000,0.600,0.050,0.200,0.350,0.150,-0.001,3.142,0.000,0.000,0.000,IDLE,1
62.896,MANUAL,0.000,0.000,0.600,0.050,0.200,0.350,0.150,-0.001,3.142,-0.000,0.000,0.000,IDLE,1
62.904,MANUAL,0.000,0.000,0.600,0.050,0.200,0.350,0.150,-0.001,3.142,-0.000,-0.000,0.000,IDLE,1
62.912,MANUAL,0.000,0.000,0.600,0.050,0.200,0.350,0.150,-0.001,3.142,0.000,-0.000,0.000,IDLE,1
62.920,MANUAL,0.000,0.000,0.600,0.050,0.200,0.350,0.150,-0.001,3.142,-0.000,-0.000,0.000,IDLE,1
62.928,MANUAL,0.000,0.000,0.600,0.050,0.200,0.350,0.150,-0.001,3.142,0.000,-0.000,0.000,IDLE,1
62.936,MANUAL,0.000,0.000,0.600,0.050,0.200,0.350,0.150,-0.001,3.142,0.000,0.000,0.000,IDLE,1
62.944,MANUAL,0.000,0.000,0.600,0.050,0.200,0.350,0.150,-0.001,3.142,0.000,0.000,0.000,IDLE,1
62.952,MANUAL,0.000,0.000,0.600,0.050,0.200,0.350,0.150,-0.001,3.142,-0.000,0.000,0.000,IDLE,1
62.960,MANUAL,0.000,0.000,0.600,0.050,0.200,0.350,0.150,-0.001,3.142,-0.000,-0.000,0.000,IDLE,1
62.968,MANUAL,0.000,0.000,0.600,0.050,0.200,0.350,0.150,-0.001,3.142,0.000,0.000,0.000,IDLE,1
62.976,MANUAL,0.000,0.000,0.600,0.050,0.200,0.350,0.150,-0.001,3.142,0.000,-0.000,0.000,IDLE,1
62.984,MANUAL,0.000,0.000,0.600,0.050,0.200,0.350,0.150,-0.001,3.142,0.000,-0.000,0.000,IDLE,1
62.992,MANUAL,0.000,0.000,0.600,0.050,0.200,0.350,0.150,-0.001,3.142,0.000,-0.000,0.000,IDLE,1
63.000,MANUAL,0.000,0.000,0.600,0.050,0.200,0.350,0.150,-0.001,3.142,0.000,0.000,0.000,IDLE,1
63.008,MANUAL,0.000,0.000,0.600,0.050,0.200,0.350,0.150,-0.001,3.142,-0.000,0.000,0.000,IDLE,1
63.016,MANUAL,0.000,0.000,0.600,0.050,0.200,0.350,0.150,-0.001,3.142,-0.000,-0.000,0.000,IDLE,1
63.024,MANUAL,0.000,0.000,0.600,0.050,0.200,0.350,0.150,-0.001,3.142,0.000,-0.000,0.000,IDLE,1
63.032,MANUAL,0.000,0.000,0.600,0.050,0.200,0.350,0.150,-0.001,3.142,0.000,-0.000,0.000,IDLE,1
63.040,MANUAL,0.000,0.000,0.600,0.050,0.200,0.350,0.150,-0.001,3.142,0.000,0.000,0.000,IDLE,1
63.048,MANUAL,0.000,0.000,0.600,0.050,0.200,0.350,0.150,-0.001,3.142,0.000,-0.000,0.000,IDLE,1
63.056,MANUAL,0.000,0.000,0.600,0.050,0.200,0.350,0.150,-0.001,3.142,0.000,-0.000,0.000,IDLE,1
63.064,MANUAL,0.000,0.000,0.600,0.050,0.200,0.350,0.150,-0.001,3.142,-0.000,0.000,0.000,IDLE,1
63.072,MANUAL,0.000,0.000,0.600,0.050,0.200,0.350,0.150,-0.001,3.142,-0.000,-0.000,0.000,IDLE,1
63.080,MANUAL,0.000,0.000,0.600,0.050,0.200,0.350,0.150,-0.001,3.142,0.000,0.000,0.000,IDLE,1
63.088,MANUAL,0.000,0.000,0.600,0.050,0.200,0.350,0.150,-0.001,3.142,0.000,-0.000,0.000,IDLE,1
63.096,MANUAL,0.000,0.000,0.600,0.050,0.200,0.350,0.150,-0.001,3.142,0.000,0.000,0.000,IDLE,1
63.104,MANUAL,0.000,0.000,0.600,0.050,0.200,0.350,0.150,-0.001,3.142,0.000,0.000,0.000,IDLE,1
63.112,MANUAL,0.000,0.000,0.600,0.050,0.200,0.350,0.150,-0.001,3.142,0.000,0.000,0.000,IDLE,1
63.120,MANUAL,0.000,0.000,0.600,0.050,0.200,0.350,0.150,-0.001,3.142,0.000,-0.000,0.000,IDLE,1
63.128,MANUAL,0.000,0.000,0.600,0.050,0.200,0.350,0.150,-0.001,3.142,-0.000,-0.000,0.000,IDLE,1
63.136,MANUAL,0.000,0.000,0.600,0.050,0.200,0.350,0.150,-0.001,3.142,0.000,-0.000,0.000,IDLE,1
63.144,MANUAL,0.000,0.000,0.600,0.050,0.200,0.350,0.150,-0.001,3.142,0.000,-0.000,0.000,IDLE,1
63.152,MANUAL,0.000,0.000,0.600,0.050,0.200,0.350,0.150,-0.001,3.142,0.000,0.000,0.000,IDLE,1
63.160,MANUAL,0.000,0.000,0.600,0.050,0.200,0.350,0.150,-0.001,3.142,0.000,0.000,0.000,IDLE,1
63.168,MANUAL,0.000,0.000,0.600,0.050,0.200,0.350,0.150,-0.001,3.142,0.000,0.000,0.000,IDLE,1
63.176,MANUAL,0.000,0.000,0.600,0.050,0.200,0.350,0.150,-0.001,3.142,0.000,0.000,0.000,IDLE,1
63.184,MANUAL,0.000,0.000,0.600,0.050,0.200,0.350,0.150,-0.001,3.142,-0.000,-0.000,0.000,IDLE,1
63.192,MANUAL,0.000,0.000,0.600,0.050,0.200,0.350,0.150,-0.001,3.142,-0.000,-0.000,0.000,IDLE,1
63.200,MANUAL,0.000,0.000,0.600,0.050,0.200,0.350,0.150,-0.001,3.142,0.000,-0.000,0.000,IDLE,1
63.208,MANUAL,0.000,0.000,0.600,0.050,0.200,0.350,0.150,-0.001,3.142,0.000,-0.000,0.000,IDLE,1
63.216,MANUAL,0.000,0.000,0.600,0.050,0.200,0.350,0.150,-0.001,3.142,0.000,0.000,0.000,IDLE,1
63.224,MANUAL,0.000,0.000,0.600,0.050,0.200,0.350,0.150,-0.001,3.142,0.000,0.000,0.000,IDLE,1
63.232,MANUAL,0.000,0.000,0.600,0.050,0.200,0.350,0.150,-0.001,3.142,0.000,0.000,0.000,IDLE,1
63.240,MANUAL,0.000,0.000,0.600,0.050,0.200,0.350,0.150,-0.001,3.142,-0.000,0.000,0.000,IDLE,1
63.248,MANUAL,0.000,0.000,0.600,0.050,0.200,0.350,0.150,-0.001,3.142,-0.000,-0.000,0.000,IDLE,1
63.256,MANUAL,0.000,0.000,0.600,0.050,0.200,0.350,0.150,-0.001,3.142,0.000,-0.000,0.000,IDLE,1
63.264,MANUAL,0.000,0.000,0.600,0.050,0.200,0.350,0.150,-0.001,3.142,0.000,-0.000,0.000,IDLE,1
63.272,MANUAL,0.000,0.000,0.600,0.050,0.200,0.350,0.150,-0.001,3.142,0.000,0.000,0.000,IDLE,1
63.280,MANUAL,0.000,0.000,0.600,0.050,0.200,0.350,0.150,-0.001,3.142,0.000,0.000,0.000,IDLE,1
63.288,MANUAL,0.000,0.000,0.600,0.050,0.200,0.350,0.150,-0.001,3.142,0.000,0.000,0.000,IDLE,1
63.296,MANUAL,0.000,0.000,0.600,0.050,0.200,0.350,0.150,-0.001,3.142,-0.000,0.000,0.000,IDLE,1
63.304,MANUAL,0.000,0.000,0.600,0.050,0.200,0.350,0.150,-0.001,3.142,-0.000,-0.000,0.000,IDLE,1
63.312,MANUAL,0.000,0.000,0.600,0.050,0.200,0.350,0.150,-0.001,3.142,0.000,-0.000,0.000,IDLE,1
63.320,MANUAL,0.000,0.000,0.600,0.050,0.200,0.350,0.150,-0.001,3.142,0.000,-0.000,0.000,IDLE,1
63.328,MANUAL,0.000,0.000,0.600,0.050,0.200,0.350,0.150,-0.001,3.142,0.000,-0.000,0.000,IDLE,1
63.336,MANUAL,0.000,0.000,0.600,0.050,0.200,0.350,0.150,-0.001,3.142,0.000,0.000,0.000,IDLE,1
63.344,MANUAL,0.000,0.000,0.600,0.050,0.200,0.350,0.150,-0.001,3.142,0.000,0.000,0.000,IDLE,1
63.352,MANUAL,0.000,0.000,0.600,0.050,0.200,0.350,0.150,-0.001,3.142,0.000,0.000,0.000,IDLE,1
63.360,MANUAL,0.000,0.000,0.600,0.050,0.200,0.350,0.150,-0.001,3.142,-0.000,0.000,0.000,IDLE,1
63.368,MANUAL,0.000,0.000,0.600,0.050,0.200,0.350,0.150,-0.001,3.142,0.000,-0.000,0.000,IDLE,1
63.376,MANUAL,0.000,0.000,0.600,0.050,0.200,0.350,0.150,-0.001,3.142,0.000,-0.000,0.000,IDLE,1
63.384,MANUAL,0.000,0.000,0.600,0.050,0.200,0.350,0.150,-0.001,3.142,0.000,-0.000,0.000,IDLE,1
63.392,MANUAL,0.000,0.000,0.600,0.050,0.200,0.350,0.150,-0.001,3.142,0.000,-0.000,0.000,IDLE,1
63.400,MANUAL,0.000,0.000,0.600,0.050,0.200,0.350,0.150,-0.001,3.142,0.000,0.000,0.000,IDLE,1
63.408,MANUAL,0.000,0.000,0.600,0.050,0.200,0.350,0.150,-0.001,3.142,0.000,0.000,0.000,IDLE,1
63.416,MANUAL,0.000,0.000,0.600,0.050,0.200,0.350,0.150,-0.001,3.142,-0.000,0.000,0.000,IDLE,1
63.424,MANUAL,0.000,0.000,0.600,0.050,0.200,0.350,0.150,-0.001,3.142,-0.000,-0.000,0.000,IDLE,1
63.432,MANUAL,0.000,0.000,0.600,0.050,0.200,0.350,0.150,-0.001,3.142,0.000,0.000,0.000,IDLE,1
63.440,MANUAL,0.000,0.000,0.600,0.050,0.200,0.350,0.150,-0.001,3.142,0.000,-0.000,0.000,IDLE,1
63.448,MANUAL,0.000,0.000,0.600,0.050,0.200,0.350,0.150,-0.001,3.142,0.000,0.000,0.000,IDLE,1
63.456,MANUAL,0.000,0.000,0.600,0.050,0.200,0.350,0.150,-0.001,3.142,-0.000,-0.000,0.000,IDLE,1
63.464,MANUAL,0.000,0.000,0.600,0.050,0.200,0.350,0.150,-0.001,3.142,0.000,0.000,0.000,IDLE,1
63.472,MANUAL,0.000,0.000,0.600,0.050,0.200,0.350,0.150,-0.001,3.142,-0.000,0.000,0.000,IDLE,1
63.480,MANUAL,0.000,0.000,0.600,0.050,0.200,0.350,0.150,-0.001,3.142,-0.000,-0.000,0.000,IDLE,1
63.488,MANUAL,0.000,0.000,0.600,0.050,0.200,0.350,0.150,-0.001,3.142,0.000,-0.000,0.000,IDLE,1
63.496,MANUAL,0.000,0.000,0.600,0.050,0.200,0.350,0.150,-0.001,3.142,0.000,-0.000,0.000,IDLE,1
63.504,MANUAL,0.000,0.000,0.600,0.050,0.200,0.350,0.150,-0.001,3.142,0.000,0.000,0.000,IDLE,1
63.512,MANUAL,0.000,0.000,0.600,0.050,0.200,0.350,0.150,-0.001,3.142,0.000,0.000,0.000,IDLE,1
63.520,MANUAL,0.000,0.000,0.600,0.050,0.200,0.350,0.150,-0.001,3.142,0.000,-0.000,0.000,IDLE,1
63.528,MANUAL,0.000,0.000,0.600,0.050,0.200,0.350,0.150,-0.001,3.142,-0.000,-0.000,0.000,IDLE,1
63.536,MANUAL,0.000,0.000,0.600,0.050,0.200,0.350,0.150,-0.001,3.142,-0.000,-0.000,0.000,IDLE,1
63.544,MANUAL,0.000,0.000,0.600,0.050,0.200,0.350,0.150,-0.001,3.142,0.000,0.000,0.000,IDLE,1
63.552,MANUAL,0.000,0.000,0.600,0.050,0.200,0.350,0.150,-0.001,3.142,0.000,-0.000,0.000,IDLE,1
63.560,MANUAL,0.000,0.000,0.600,0.050,0.200,0.350,0.150,-0.001,3.142,0.000,0.000,0.000,IDLE,1
63.568,MANUAL,0.000,0.000,0.600,0.050,0.200,0.350,0.150,-0.001,3.142,0.000,0.000,0.000,IDLE,1
63.576,MANUAL,0.000,0.000,0.600,0.050,0.200,0.350,0.150,-0.001,3.142,0.000,0.000,0.000,IDLE,1
63.584,MANUAL,0.000,0.000,0.600,0.050,0.200,0.350,0.150,-0.001,3.142,-0.000,-0.000,0.000,IDLE,1
63.592,MANUAL,0.000,0.000,0.600,0.050,0.200,0.350,0.150,-0.001,3.142,-0.000,-0.000,0.000,IDLE,1
63.600,MANUAL,0.000,0.000,0.600,0.050,0.200,0.350,0.150,-0.001,3.142,0.000,0.000,0.000,IDLE,1
63.608,MANUAL,0.000,0.000,0.600,0.050,0.200,0.350,0.150,-0.001,3.142,0.000,-0.000,0.000,IDLE,1
63.616,MANUAL,0.000,0.000,0.600,0.050,0.200,0.350,0.150,-0.001,3.142,0.000,0.000,0.000,IDLE,1
63.624,MANUAL,0.000,0.000,0.600,0.050,0.200,0.350,0.150,-0.001,3.142,0.000,0.000,0.000,IDLE,1
63.632,MANUAL,0.000,0.000,0.600,0.050,0.200,0.350,0.150,-0.001,3.142,0.000,0.000,0.000,IDLE,1
63.640,MANUAL,0.000,0.000,0.600,0.050,0.200,0.350,0.150,-0.001,3.142,0.000,0.000,0.000,IDLE,1
63.648,MANUAL,0.000,0.000,0.600,0.050,0.200,0.350,0.150,-0.001,3.142,-0.000,-0.000,0.000,IDLE,1
63.656,MANUAL,0.000,0.000,0.600,0.050,0.200,0.350,0.150,-0.001,3.142,0.000,-0.000,0.000,IDLE,1
63.664,MANUAL,0.000,0.000,0.600,0.050,0.200,0.350,0.150,-0.001,3.142,0.000,-0.000,0.000,IDLE,1
63.672,MANUAL,0.000,0.000,0.600,0.050,0.200,0.350,0.150,-0.001,3.142,0.000,0.000,0.000,IDLE,1
63.680,MANUAL,0.000,0.000,0.600,0.050,0.200,0.350,0.150,-0.001,3.142,0.000,0.000,0.000,IDLE,1
63.688,MANUAL,0.000,0.000,0.600,0.050,0.200,0.350,0.150,-0.001,3.142,0.000,0.000,0.000,IDLE,1
63.696,MANUAL,0.000,0.000,0.600,0.050,0.200,0.350,0.150,-0.001,3.142,0.000,0.000,0.000,IDLE,1
63.704,MANUAL,0.000,0.000,0.600,0.050,0.200,0.350,0.150,-0.001,3.142,-0.000,0.000,0.000,IDLE,1
63.712,MANUAL,0.000,0.000,0.600,0.050,0.200,0.350,0.150,-0.001,3.142,-0.000,-0.000,0.000,IDLE,1
63.720,MANUAL,0.000,0.000,0.600,0.050,0.200,0.350,0.150,-0.001,3.142,0.000,-0.000,0.000,IDLE,1
63.728,MANUAL,0.000,0.000,0.600,0.050,0.200,0.350,0.150,-0.001,3.142,0.000,-0.000,0.000,IDLE,1
63.736,MANUAL,0.000,0.000,0.600,0.050,0.200,0.350,0.150,-0.001,3.142,0.000,0.000,0.000,IDLE,1
63.744,MANUAL,0.000,0.000,0.600,0.050,0.200,0.350,0.150,-0.001,3.142,0.000,0.000,0.000,IDLE,1
63.752,MANUAL,0.000,0.000,0.600,0.050,0.200,0.350,0.150,-0.001,3.142,0.000,0.000,0.000,IDLE,1
63.760,MANUAL,0.000,0.000,0.600,0.050,0.200,0.350,0.150,-0.001,3.142,-0.000,0.000,0.000,IDLE,1
63.768,MANUAL,0.000,0.000,0.600,0.050,0.200,0.350,0.150,-0.001,3.142,-0.000,-0.000,0.000,IDLE,1
63.776,MANUAL,0.000,0.000,0.600,0.050,0.200,0.350,0.150,-0.001,3.142,0.000,-0.000,0.000,IDLE,1
63.784,MANUAL,0.000,0.000,0.600,0.050,0.200,0.350,0.150,-0.001,3.142,0.000,-0.000,0.000,IDLE,1
63.792,MANUAL,0.000,0.000,0.600,0.050,0.200,0.350,0.150,-0.001,3.142,0.000,-0.000,0.000,IDLE,1
63.800,MANUAL,0.000,0.000,0.600,0.050,0.200,0.350,0.150,-0.001,3.142,0.000,0.000,0.000,IDLE,1
63.808,MANUAL,0.000,0.000,0.600,0.050,0.200,0.350,0.150,-0.001,3.142,0.000,0.000,0.000,IDLE,1
63.816,MANUAL,0.000,0.000,0.600,0.050,0.200,0.350,0.150,-0.001,3.142,-0.000,0.000,0.000,IDLE,1
63.824,MANUAL,0.000,0.000,0.600,0.050,0.200,0.350,0.150,-0.001,3.142,-0.000,-0.000,0.000,IDLE,1
63.832,MANUAL,0.000,0.000,0.600,0.050,0.200,0.350,0.150,-0.001,3.142,0.000,0.000,0.000,IDLE,1
63.840,MANUAL,0.000,0.000,0.600,0.050,0.200,0.350,0.150,-0.001,3.142,0.000,-0.000,0.000,IDLE,1
63.848,MANUAL,0.000,0.000,0.600,0.050,0.200,0.350,0.150,-0.001,3.142,0.000,0.000,0.000,IDLE,1
63.856,MANUAL,0.000,0.000,0.600,0.050,0.200,0.350,0.150,-0.001,3.142,0.000,-0.000,0.000,IDLE,1
63.864,MANUAL,0.000,0.000,0.600,0.050,0.200,0.350,0.150,-0.001,3.142,0.000,-0.000,0.000,IDLE,1
63.872,MANUAL,0.000,0.000,0.600,0.050,0.200,0.350,0.150,-0.001,3.142,-0.000,0.000,0.000,IDLE,1
63.880,MANUAL,0.000,0.000,0.600,0.050,0.200,0.350,0.150,-0.001,3.142,-0.000,-0.000,0.000,IDLE,1
63.888,MANUAL,0.000,0.000,0.600,0.050,0.200,0.350,0.150,-0.001,3.142,0.000,-0.000,0.000,IDLE,1
63.896,MANUAL,0.000,0.000,0.600,0.050,0.200,0.350,0.150,-0.001,3.142,0.000,-0.000,0.000,IDLE,1
63.904,MANUAL,0.000,0.000,0.600,0.050,0.200,0.350,0.150,-0.001,3.142,0.000,0.000,0.000,IDLE,1
63.912,MANUAL,0.000,0.000,0.600,0.050,0.200,0.350,0.150,-0.001,3.142,0.000,0.000,0.000,IDLE,1
63.920,MANUAL,0.000,0.000,0.600,0.050,0.200,0.350,0.150,-0.001,3.142,0.000,-0.000,0.000,IDLE,1
63.928,MANUAL,0.000,0.000,0.600,0.050,0.200,0.350,0.150,-0.001,3.142,0.000,-0.000,0.000,IDLE,1
63.936,MANUAL,0.000,0.000,0.600,0.050,0.200,0.350,0.150,-0.001,3.142,-0.000,0.000,0.000,IDLE,1
63.944,MANUAL,0.000,0.000,0.600,0.050,0.200,0.350,0.150,-0.001,3.142,0.000,-0.000,0.000,IDLE,1
63.952,MANUAL,0.000,0.000,0.600,0.050,0.200,0.350,0.150,-0.001,3.142,0.000,-0.000,0.000,IDLE,1
63.960,MANUAL,0.000,0.000,0.600,0.050,0.200,0.350,0.150,-0.001,3.142,0.000,0.000,0.000,IDLE,1
63.968,MANUAL,0.000,0.000,0.600,0.050,0.200,0.350,0.150,-0.001,3.142,0.000,0.000,0.000,IDLE,1
63.976,MANUAL,0.000,0.000,0.600,0.050,0.200,0.350,0.150,-0.001,3.142,0.000,0.000,0.000,IDLE,1
63.984,MANUAL,0.000,0.000,0.600,0.050,0.200,0.350,0.150,-0.001,3.142,0.000,-0.000,0.000,IDLE,1
63.992,MANUAL,0.000,0.000,0.600,0.050,0.200,0.350,0.150,-0.001,3.142,-0.000,-0.000,0.000,IDLE,1
64.000,MANUAL,0.000,0.000,0.600,0.050,0.200,0.350,0.150,-0.001,3.142,0.000,-0.000,0.000,IDLE,1
64.008,MANUAL,0.000,0.000,0.600,0.050,0.200,0.350,0.150,-0.001,3.142,0.000,0.000,0.000,IDLE,1
64.016,MANUAL,0.000,0.000,0.600,0.050,0.200,0.350,0.150,-0.001,3.142,0.000,-0.000,0.000,IDLE,1
64.024,MANUAL,0.000,0.000,0.600,0.050,0.200,0.350,0.150,-0.001,3.142,0.000,0.000,0.000,IDLE,1
64.032,MANUAL,0.000,0.000,0.600,0.050,0.200,0.350,0.150,-0.001,3.142,0.000,0.000,0.000,IDLE,1
64.040,MANUAL,0.000,0.000,0.600,0.050,0.200,0.350,0.150,-0.001,3.142,0.000,0.000,0.000,IDLE,1
64.048,MANUAL,0.000,0.000,0.600,0.050,0.200,0.350,0.150,-0.001,3.142,-0.000,-0.000,0.000,IDLE,1
64.056,MANUAL,0.000,0.000,0.600,0.050,0.200,0.350,0.150,-0.001,3.142,-0.000,-0.000,0.000,IDLE,1
64.064,MANUAL,0.000,0.000,0.600,0.050,0.200,0.350,0.150,-0.001,3.142,0.000,-0.000,0.000,IDLE,1
64.072,MANUAL,0.000,0.000,0.600,0.050,0.200,0.350,0.150,-0.001,3.142,0.000,-0.000,0.000,IDLE,1
64.080,MANUAL,0.000,0.000,0.600,0.050,0.200,0.350,0.150,-0.001,3.142,0.000,0.000,0.000,IDLE,1
64.088,MANUAL,0.000,0.000,0.600,0.050,0.200,0.350,0.150,-0.001,3.142,0.000,0.000,0.000,IDLE,1
64.096,MANUAL,0.000,0.000,0.600,0.050,0.200,0.350,0.150,-0.001,3.142,0.000,0.000,0.000,IDLE,1
64.104,MANUAL,0.000,0.000,0.600,0.050,0.200,0.350,0.150,-0.001,3.142,-0.000,0.000,0.000,IDLE,1
64.112,MANUAL,0.000,0.000,0.600,0.050,0.200,0.350,0.150,-0.001,3.142,-0.000,-0.000,0.000,IDLE,1
64.120,MANUAL,0.000,0.000,0.600,0.050,0.200,0.350,0.150,-0.001,3.142,0.000,-0.000,0.000,IDLE,1
64.128,MANUAL,0.000,0.000,0.600,0.050,0.200,0.350,0.150,-0.001,3.142,0.000,-0.000,0.000,IDLE,1
64.136,MANUAL,0.000,0.000,0.600,0.050,0.200,0.350,0.150,-0.001,3.142,0.000,0.000,0.000,IDLE,1
64.144,MANUAL,0.000,0.000,0.600,0.050,0.200,0.350,0.150,-0.001,3.142,0.000,0.000,0.000,IDLE,1
64.152,MANUAL,0.000,0.000,0.600,0.050,0.200,0.350,0.150,-0.001,3.142,0.000,0.000,0.000,IDLE,1
64.160,MANUAL,0.000,0.000,0.600,0.050,0.200,0.350,0.150,-0.001,3.142,-0.000,0.000,0.000,IDLE,1
64.168,MANUAL,0.000,0.000,0.600,0.050,0.200,0.350,0.150,-0.001,3.142,-0.000,-0.000,0.000,IDLE,1
64.176,MANUAL,0.000,0.000,0.600,0.050,0.200,0.350,0.150,-0.001,3.142,0.000,-0.000,0.000,IDLE,1
64.184,MANUAL,0.000,0.000,0.600,0.050,0.200,0.350,0.150,-0.001,3.142,0.000,-0.000,0.000,IDLE,1
64.192,MANUAL,0.000,0.000,0.600,0.050,0.200,0.350,0.150,-0.001,3.142,-0.000,-0.000,0.000,IDLE,1
64.200,MANUAL,0.000,0.000,0.600,0.050,0.200,0.350,0.150,-0.001,3.142,0.000,0.000,0.000,IDLE,1
64.208,MANUAL,0.000,0.000,0.600,0.050,0.200,0.350,0.150,-0.001,3.142,0.000,0.000,0.000,IDLE,1
64.216,MANUAL,0.000,0.000,0.600,0.050,0.200,0.350,0.150,-0.001,3.142,0.000,0.000,0.000,IDLE,1
64.224,MANUAL,0.000,0.000,0.600,0.050,0.200,0.350,0.150,-0.001,3.142,-0.000,0.000,0.000,IDLE,1
64.232,MANUAL,0.000,0.000,0.600,0.050,0.200,0.350,0.150,-0.001,3.142,0.000,-0.000,0.000,IDLE,1
64.240,MANUAL,0.000,0.000,0.600,0.050,0.200,0.350,0.150,-0.001,3.142,0.000,-0.000,0.000,IDLE,1
64.248,MANUAL,0.000,0.000,0.600,0.050,0.200,0.350,0.150,-0.001,3.142,0.000,0.000,0.000,IDLE,1
64.256,MANUAL,0.000,0.000,0.600,0.050,0.200,0.350,0.150,-0.001,3.142,0.000,-0.000,0.000,IDLE,1
64.264,MANUAL,0.000,0.000,0.600,0.050,0.200,0.350,0.150,-0.001,3.142,0.000,-0.000,0.000,IDLE,1
64.272,MANUAL,0.000,0.000,0.600,0.050,0.200,0.350,0.150,-0.001,3.142,0.000,0.000,0.000,IDLE,1
64.280,MANUAL,0.000,0.000,0.600,0.050,0.200,0.350,0.150,-0.001,3.142,-0.000,0.000,0.000,IDLE,1
64.288,MANUAL,0.000,0.000,0.600,0.050,0.200,0.350,0.150,-0.001,3.142,-0.000,-0.000,0.000,IDLE,1
64.296,MANUAL,0.000,0.000,0.600,0.050,0.200,0.350,0.150,-0.001,3.142,0.000,0.000,0.000,IDLE,1
64.304,MANUAL,0.000,0.000,0.600,0.050,0.200,0.350,0.150,-0.001,3.142,0.000,-0.000,0.000,IDLE,1
64.312,MANUAL,0.000,0.000,0.600,0.050,0.200,0.350,0.150,-0.001,3.142,0.000,0.000,0.000,IDLE,1
64.320,MANUAL,0.000,0.000,0.600,0.050,0.200,0.350,0.150,-0.001,3.142,0.000,-0.000,0.000,IDLE,1
64.328,MANUAL,0.000,0.000,0.600,0.050,0.200,0.350,0.150,-0.001,3.142,0.000,-0.000,0.000,IDLE,1
64.336,MANUAL,0.000,0.000,0.600,0.050,0.200,0.350,0.150,-0.001,3.142,-0.000,0.000,0.000,IDLE,1
64.344,MANUAL,0.000,0.000,0.600,0.050,0.200,0.350,0.150,-0.001,3.142,-0.000,-0.000,0.000,IDLE,1
64.352,MANUAL,0.000,0.000,0.600,0.050,0.200,0.350,0.150,-0.001,3.142,0.000,0.000,0.000,IDLE,1
64.360,MANUAL,0.000,0.000,0.600,0.050,0.200,0.350,0.150,-0.001,3.142,0.000,-0.000,0.000,IDLE,1
64.368,MANUAL,0.000,0.000,0.600,0.050,0.200,0.350,0.150,-0.001,3.142,0.000,0.000,0.000,IDLE,1
64.376,MANUAL,0.000,0.000,0.600,0.050,0.200,0.350,0.150,-0.001,3.142,0.000,0.000,0.000,IDLE,1
64.384,MANUAL,0.000,0.000,0.600,0.050,0.200,0.350,0.150,-0.001,3.142,0.000,0.000,0.000,IDLE,1
64.392,MANUAL,0.000,0.000,0.600,0.050,0.200,0.350,0.150,-0.001,3.142,-0.000,-0.000,0.000,IDLE,1
64.400,MANUAL,0.000,0.000,0.600,0.050,0.200,0.350,0.150,-0.001,3.142,-0.000,-0.000,0.000,IDLE,1
64.408,MANUAL,0.000,0.000,0.600,0.050,0.200,0.350,0.150,-0.001,3.142,0.000,0.000,0.000,IDLE,1
64.416,MANUAL,0.000,0.000,0.600,0.050,0.200,0.350,0.150,-0.001,3.142,0.000,-0.000,0.000,IDLE,1
64.424,MANUAL,0.000,0.000,0.600,0.050,0.200,0.350,0.150,-0.001,3.142,0.000,0.000,0.000,IDLE,1
64.432,MANUAL,0.000,0.000,0.600,0.050,0.200,0.350,0.150,-0.001,3.142,0.000,0.000,0.000,IDLE,1
64.440,MANUAL,0.000,0.000,0.600,0.050,0.200,0.350,0.150,-0.001,3.142,0.000,0.000,0.000,IDLE,1
64.448,MANUAL,0.000,0.000,0.600,0.050,0.200,0.350,0.150,-0.001,3.142,-0.000,-0.000,0.000,IDLE,1
64.456,MANUAL,0.000,0.000,0.600,0.050,0.200,0.350,0.150,-0.001,3.142,-0.000,-0.000,0.000,IDLE,1
64.464,MANUAL,0.000,0.000,0.600,0.050,0.200,0.350,0.150,-0.001,3.142,0.000,-0.000,0.000,IDLE,1
64.472,MANUAL,0.000,0.000,0.600,0.050,0.200,0.350,0.150,-0.001,3.142,0.000,-0.000,0.000,IDLE,1
64.480,MANUAL,0.000,0.000,0.600,0.050,0.200,0.350,0.150,-0.001,3.142,0.000,0.000,0.000,IDLE,1
64.488,MANUAL,0.000,0.000,0.600,0.050,0.200,0.350,0.150,-0.001,3.142,0.000,0.000,0.000,IDLE,1
64.496,MANUAL,0.000,0.000,0.600,0.050,0.200,0.350,0.150,-0.001,3.142,0.000,0.000,0.000,IDLE,1
64.504,MANUAL,0.000,0.000,0.600,0.050,0.200,0.350,0.150,-0.001,3.142,0.000,0.000,0.000,IDLE,1
64.512,MANUAL,0.000,0.000,0.600,0.050,0.200,0.350,0.150,-0.001,3.142,-0.000,-0.000,0.000,IDLE,1
64.520,MANUAL,0.000,0.000,0.600,0.050,0.200,0.350,0.150,-0.001,3.142,0.000,-0.000,0.000,IDLE,1
64.528,MANUAL,0.000,0.000,0.600,0.050,0.200,0.350,0.150,-0.001,3.142,0.000,-0.000,0.000,IDLE,1
64.536,MANUAL,0.000,0.000,0.600,0.050,0.200,0.350,0.150,-0.001,3.142,0.000,0.000,0.000,IDLE,1
64.544,MANUAL,0.000,0.000,0.600,0.050,0.200,0.350,0.150,-0.001,3.142,0.000,0.000,0.000,IDLE,1
64.552,MANUAL,0.000,0.000,0.600,0.050,0.200,0.350,0.150,-0.001,3.142,0.000,0.000,0.000,IDLE,1
64.560,MANUAL,0.000,0.000,0.600,0.050,0.200,0.350,0.150,-0.001,3.142,0.000,0.000,0.000,IDLE,1
64.568,MANUAL,0.000,0.000,0.600,0.050,0.200,0.350,0.150,-0.001,3.142,-0.000,0.000,0.000,IDLE,1
64.576,MANUAL,0.000,0.000,0.600,0.050,0.200,0.350,0.150,-0.001,3.142,-0.000,-0.000,0.000,IDLE,1
64.584,MANUAL,0.000,0.000,0.600,0.050,0.200,0.350,0.150,-0.001,3.142,0.000,-0.000,0.000,IDLE,1
64.592,MANUAL,0.000,0.000,0.600,0.050,0.200,0.350,0.150,-0.001,3.142,0.000,-0.000,0.000,IDLE,1
64.600,MANUAL,0.000,0.000,0.600,0.050,0.200,0.350,0.150,-0.001,3.142,0.000,-0.000,0.000,IDLE,1
64.608,MANUAL,0.000,0.000,0.600,0.050,0.200,0.350,0.150,-0.001,3.142,0.000,0.000,0.000,IDLE,1
64.616,MANUAL,0.000,0.000,0.600,0.050,0.200,0.350,0.150,-0.001,3.142,0.000,0.000,0.000,IDLE,1
64.624,MANUAL,0.000,0.000,0.600,0.050,0.200,0.350,0.150,-0.001,3.142,-0.000,0.000,0.000,IDLE,1
64.632,MANUAL,0.000,0.000,0.600,0.050,0.200,0.350,0.150,-0.001,3.142,-0.000,-0.000,0.000,IDLE,1
64.640,MANUAL,0.000,0.000,0.600,0.050,0.200,0.350,0.150,-0.001,3.142,0.000,-0.000,0.000,IDLE,1
64.648,MANUAL,0.000,0.000,0.600,0.050,0.200,0.350,0.150,-0.001,3.142,0.000,-0.000,0.000,IDLE,1
64.656,MANUAL,0.000,0.000,0.600,0.050,0.200,0.350,0.150,-0.001,3.142,0.000,-0.000,0.000,IDLE,1
64.664,MANUAL,0.000,0.000,0.600,0.050,0.200,0.350,0.150,-0.001,3.142,0.000,-0.000,0.000,IDLE,1
64.672,MANUAL,0.000,0.000,0.600,0.050,0.200,0.350,0.150,-0.001,3.142,0.000,0.000,0.000,IDLE,1
64.680,MANUAL,0.000,0.000,0.600,0.050,0.200,0.350,0.150,-0.001,3.142,-0.000,0.000,0.000,IDLE,1
64.688,MANUAL,0.000,0.000,0.600,0.050,0.200,0.350,0.150,-0.001,3.142,-0.000,-0.000,0.000,IDLE,1
64.696,MANUAL,0.000,0.000,0.600,0.050,0.200,0.350,0.150,-0.001,3.142,0.000,0.000,0.000,IDLE,1
64.704,MANUAL,0.000,0.000,0.600,0.050,0.200,0.350,0.150,-0.001,3.142,0.000,-0.000,0.000,IDLE,1
64.712,MANUAL,0.000,0.000,0.600,0.050,0.200,0.350,0.150,-0.001,3.142,0.000,0.000,0.000,IDLE,1
64.720,MANUAL,0.000,0.000,0.600,0.050,0.200,0.350,0.150,-0.001,3.142,0.000,-0.000,0.000,IDLE,1
64.728,MANUAL,0.000,0.000,0.600,0.050,0.200,0.350,0.150,-0.001,3.142,-0.000,-0.000,0.000,IDLE,1
64.736,MANUAL,0.000,0.000,0.600,0.050,0.200,0.350,0.150,-0.001,3.142,0.000,-0.000,0.000,IDLE,1
64.744,MANUAL,0.000,0.000,0.600,0.050,0.200,0.350,0.150,-0.001,3.142,-0.000,0.000,0.000,IDLE,1
64.752,MANUAL,0.000,0.000,0.600,0.050,0.200,0.350,0.150,-0.001,3.142,0.000,-0.000,0.000,IDLE,1
64.760,MANUAL,0.000,0.000,0.600,0.050,0.200,0.350,0.150,-0.001,3.142,0.000,-0.000,0.000,IDLE,1
64.768,MANUAL,0.000,0.000,0.600,0.050,0.200,0.350,0.150,-0.001,3.142,0.000,0.000,0.000,IDLE,1
64.776,MANUAL,0.000,0.000,0.600,0.050,0.200,0.350,0.150,-0.001,3.142,0.000,0.000,0.000,IDLE,1
64.784,MANUAL,0.000,0.000,0.600,0.050,0.200,0.350,0.150,-0.001,3.142,0.000,0.000,0.000,IDLE,1
64.792,MANUAL,0.000,0.000,0.600,0.050,0.200,0.350,0.150,-0.001,3.142,0.000,-0.000,0.000,IDLE,1
64.800,MANUAL,0.000,0.000,0.600,0.050,0.200,0.350,0.150,-0.001,3.142,-0.000,-0.000,0.000,IDLE,1
64.808,MANUAL,0.000,0.000,0.600,0.050,0.200,0.350,0.150,-0.001,3.142,-0.000,-0.000,0.000,IDLE,1
64.816,MANUAL,0.000,0.000,0.600,0.050,0.200,0.350,0.150,-0.001,3.142,0.000,0.000,0.000,IDLE,1
64.824,MANUAL,0.000,0.000,0.600,0.050,0.200,0.350,0.150,-0.001,3.142,0.000,-0.000,0.000,IDLE,1
64.832,MANUAL,0.000,0.000,0.600,0.050,0.200,0.350,0.150,-0.001,3.142,0.000,0.000,0.000,IDLE,1
64.840,MANUAL,0.000,0.000,0.600,0.050,0.200,0.350,0.150,-0.001,3.142,0.000,0.000,0.000,IDLE,1
64.848,MANUAL,0.000,0.000,0.600,0.050,0.200,0.350,0.150,-0.001,3.142,0.000,0.000,0.000,IDLE,1
64.856,MANUAL,0.000,0.000,0.600,0.050,0.200,0.350,0.150,-0.001,3.142,-0.000,-0.000,0.000,IDLE,1
64.864,MANUAL,0.000,0.000,0.600,0.050,0.200,0.350,0.150,-0.001,3.142,-0.000,-0.000,0.000,IDLE,1
64.872,MANUAL,0.000,0.000,0.600,0.050,0.200,0.350,0.150,-0.001,3.142,0.000,0.000,0.000,IDLE,1
64.880,MANUAL,0.000,0.000,0.600,0.050,0.200,0.350,0.150,-0.001,3.142,0.000,-0.000,0.000,IDLE,1
64.888,MANUAL,0.000,0.000,0.600,0.050,0.200,0.350,0.150,-0.001,3.142,0.000,0.000,0.000,IDLE,1
64.896,MANUAL,0.000,0.000,0.600,0.050,0.200,0.350,0.150,-0.001,3.142,0.000,0.000,0.000,IDLE,1
64.904,MANUAL,0.000,0.000,0.600,0.050,0.200,0.350,0.150,-0.001,3.142,0.000,0.000,0.000,IDLE,1
64.912,MANUAL,0.000,0.000,0.600,0.050,0.200,0.350,0.150,-0.001,3.142,-0.000,0.000,0.000,IDLE,1
64.920,MANUAL,0.000,0.000,0.600,0.050,0.200,0.350,0.150,-0.001,3.142,0.000,-0.000,0.000,IDLE,1
64.928,MANUAL,0.000,0.000,0.600,0.050,0.200,0.350,0.150,-0.001,3.142,-0.000,-0.000,0.000,IDLE,1
64.936,MANUAL,0.000,0.000,0.600,0.050,0.200,0.350,0.150,-0.001,3.142,0.000,-0.000,0.000,IDLE,1
64.944,MANUAL,0.000,0.000,0.600,0.050,0.200,0.350,0.150,-0.001,3.142,0.000,0.000,0.000,IDLE,1
64.952,MANUAL,0.000,0.000,0.600,0.050,0.200,0.350,0.150,-0.001,3.142,0.000,0.000,0.000,IDLE,1
64.960,MANUAL,0.000,0.000,0.600,0.050,0.200,0.350,0.150,-0.001,3.142,0.000,0.000,0.000,IDLE,1
64.968,MANUAL,0.000,0.000,0.600,0.050,0.200,0.350,0.150,-0.001,3.142,-0.000,0.000,0.000,IDLE,1
64.976,MANUAL,0.000,0.000,0.600,0.050,0.200,0.350,0.150,-0.001,3.142,-0.000,-0.000,0.000,IDLE,1
64.984,MANUAL,0.000,0.000,0.600,0.050,0.200,0.350,0.150,-0.001,3.142,0.000,-0.000,0.000,IDLE,1
64.992,MANUAL,0.000,0.000,0.600,0.050,0.200,0.350,0.150,-0.001,3.142,0.000,-0.000,0.000,IDLE,1
65.000,MANUAL,0.000,0.000,0.600,0.050,0.200,0.350,0.150,-0.001,3.142,0.000,-0.000,0.000,IDLE,1
65.008,MANUAL,0.000,0.000,0.600,0.050,0.200,0.350,0.150,-0.001,3.142,0.000,0.000,0.000,IDLE,1
65.016,MANUAL,0.000,0.000,0.600,0.050,0.200,0.350,0.150,-0.001,3.142,0.000,0.000,0.000,IDLE,1
65.024,MANUAL,0.000,0.000,0.600,0.050,0.200,0.350,0.150,-0.001,3.142,0.000,0.000,0.000,IDLE,1
65.032,MANUAL,0.000,0.000,0.600,0.050,0.200,0.350,0.150,-0.001,3.142,-0.000,0.000,0.000,IDLE,1
65.040,MANUAL,0.000,0.000,0.600,0.050,0.200,0.350,0.150,-0.001,3.142,0.000,-0.000,0.000,IDLE,1
65.048,MANUAL,0.000,0.000,0.600,0.050,0.200,0.350,0.150,-0.001,3.142,0.000,-0.000,0.000,IDLE,1
65.056,MANUAL,0.000,0.000,0.600,0.050,0.200,0.350,0.150,-0.001,3.142,0.000,-0.000,0.000,IDLE,1
65.064,MANUAL,0.000,0.000,0.600,0.050,0.200,0.350,0.150,-0.001,3.142,0.000,-0.000,0.000,IDLE,1
65.072,MANUAL,0.000,0.000,0.600,0.050,0.200,0.350,0.150,-0.001,3.142,0.000,0.000,0.000,IDLE,1
65.080,MANUAL,0.000,0.000,0.600,0.050,0.200,0.350,0.150,-0.001,3.142,0.000,0.000,0.000,IDLE,1
65.088,MANUAL,0.000,0.000,0.600,0.050,0.200,0.350,0.150,-0.001,3.142,-0.000,0.000,0.000,IDLE,1
65.096,MANUAL,0.000,0.000,0.600,0.050,0.200,0.350,0.150,-0.001,3.142,-0.000,-0.000,0.000,IDLE,1
65.104,MANUAL,0.000,0.000,0.600,0.050,0.200,0.350,0.150,-0.001,3.142,0.000,-0.000,0.000,IDLE,1
65.112,MANUAL,0.000,0.000,0.600,0.050,0.200,0.350,0.150,-0.001,3.142,0.000,-0.000,0.000,IDLE,1
65.120,MANUAL,0.000,0.000,0.600,0.050,0.200,0.350,0.150,-0.001,3.142,0.000,0.000,0.000,IDLE,1
65.128,MANUAL,0.000,0.000,0.600,0.050,0.200,0.350,0.150,-0.001,3.142,0.000,-0.000,0.000,IDLE,1
65.136,MANUAL,0.000,0.000,0.600,0.050,0.200,0.350,0.150,-0.001,3.142,0.000,-0.000,0.000,IDLE,1
65.144,MANUAL,0.000,0.000,0.600,0.050,0.200,0.350,0.150,-0.001,3.142,-0.000,0.000,0.000,IDLE,1
65.152,MANUAL,0.000,0.000,0.600,0.050,0.200,0.350,0.150,-0.001,3.142,-0.000,-0.000,0.000,IDLE,1
65.160,MANUAL,0.000,0.000,0.600,0.050,0.200,0.350,0.150,-0.001,3.142,0.000,0.000,0.000,IDLE,1
65.168,MANUAL,0.000,0.000,0.600,0.050,0.200,0.350,0.150,-0.001,3.142,0.000,-0.000,0.000,IDLE,1
65.176,MANUAL,0.000,0.000,0.600,0.050,0.200,0.350,0.150,-0.001,3.142,0.000,0.000,0.000,IDLE,1
65.184,MANUAL,0.000,0.000,0.600,0.050,0.200,0.350,0.150,-0.001,3.142,0.000,0.000,0.000,IDLE,1
65.192,MANUAL,0.000,0.000,0.600,0.050,0.200,0.350,0.150,-0.001,3.142,0.000,-0.000,0.000,IDLE,1
65.200,MANUAL,0.000,0.000,0.600,0.050,0.200,0.350,0.150,-0.001,3.142,-0.000,-0.000,0.000,IDLE,1
65.208,MANUAL,0.000,0.000,0.600,0.050,0.200,0.350,0.150,-0.001,3.142,-0.000,-0.000,0.000,IDLE,1
65.216,MANUAL,0.000,0.000,0.600,0.050,0.200,0.350,0.150,-0.001,3.142,0.000,0.000,0.000,IDLE,1
65.224,MANUAL,0.000,0.000,0.600,0.050,0.200,0.350,0.150,-0.001,3.142,0.000,-0.000,0.000,IDLE,1
65.232,MANUAL,0.000,0.000,0.600,0.050,0.200,0.350,0.150,-0.001,3.142,0.000,0.000,0.000,IDLE,1
65.240,MANUAL,0.000,0.000,0.600,0.050,0.200,0.350,0.150,-0.001,3.142,0.000,0.000,0.000,IDLE,1
65.248,MANUAL,0.000,0.000,0.600,0.050,0.200,0.350,0.150,-0.001,3.142,0.000,0.000,0.000,IDLE,1
65.256,MANUAL,0.000,0.000,0.600,0.050,0.200,0.350,0.150,-0.001,3.142,0.000,-0.000,0.000,IDLE,1
65.264,MANUAL,0.000,0.000,0.600,0.050,0.200,0.350,0.150,-0.001,3.142,-0.000,-0.000,0.000,IDLE,1
65.272,MANUAL,0.000,0.000,0.600,0.050,0.200,0.350,0.150,-0.001,3.142,0.000,-0.000,0.000,IDLE,1
65.280,MANUAL,0.000,0.000,0.600,0.050,0.200,0.350,0.150,-0.001,3.142,0.000,-0.000,0.000,IDLE,1
65.288,MANUAL,0.000,0.000,0.600,0.050,0.200,0.350,0.150,-0.001,3.142,0.000,0.000,0.000,IDLE,1
65.296,MANUAL,0.000,0.000,0.600,0.050,0.200,0.350,0.150,-0.001,3.142,0.000,0.000,0.000,IDLE,1
65.304,MANUAL,0.000,0.000,0.600,0.050,0.200,0.350,0.150,-0.001,3.142,0.000,0.000,0.000,IDLE,1
65.312,MANUAL,0.000,0.000,0.600,0.050,0.200,0.350,0.150,-0.001,3.142,0.000,0.000,0.000,IDLE,1
65.320,MANUAL,0.000,0.000,0.600,0.050,0.200,0.350,0.150,-0.001,3.142,-0.000,0.000,0.000,IDLE,1
65.328,MANUAL,0.000,0.000,0.600,0.050,0.200,0.350,0.150,-0.001,3.142,0.000,-0.000,0.000,IDLE,1
65.336,MANUAL,0.000,0.000,0.600,0.050,0.200,0.350,0.150,-0.001,3.142,0.000,-0.000,0.000,IDLE,1
65.344,MANUAL,0.000,0.000,0.600,0.050,0.200,0.350,0.150,-0.001,3.142,0.000,0.000,0.000,IDLE,1
65.352,MANUAL,0.000,0.000,0.600,0.050,0.200,0.350,0.150,-0.001,3.142,0.000,0.000,0.000,IDLE,1
65.360,MANUAL,0.000,0.000,0.600,0.050,0.200,0.350,0.150,-0.001,3.142,0.000,0.000,0.000,IDLE,1
65.368,MANUAL,0.000,0.000,0.600,0.050,0.200,0.350,0.150,-0.001,3.142,0.000,0.000,0.000,IDLE,1
65.376,MANUAL,0.000,0.000,0.600,0.050,0.200,0.350,0.150,-0.001,3.142,-0.000,0.000,0.000,IDLE,1
65.384,MANUAL,0.000,0.000,0.600,0.050,0.200,0.350,0.150,-0.001,3.142,-0.000,-0.000,0.000,IDLE,1
65.392,MANUAL,0.000,0.000,0.600,0.050,0.200,0.350,0.150,-0.001,3.142,0.000,-0.000,0.000,IDLE,1
65.400,MANUAL,0.000,0.000,0.600,0.050,0.200,0.350,0.150,-0.001,3.142,0.000,-0.000,0.000,IDLE,1
65.408,MANUAL,0.000,0.000,0.600,0.050,0.200,0.350,0.150,-0.001,3.142,0.000,0.000,0.000,IDLE,1
65.416,MANUAL,0.000,0.000,0.600,0.050,0.200,0.350,0.150,-0.001,3.142,0.000,0.000,0.000,IDLE,1
65.424,MANUAL,0.000,0.000,0.600,0.050,0.200,0.350,0.150,-0.001,3.142,0.000,0.000,0.000,IDLE,1
65.432,MANUAL,0.000,0.000,0.600,0.050,0.200,0.350,0.150,-0.001,3.142,-0.000,0.000,0.000,IDLE,1
65.440,MANUAL,0.000,0.000,0.600,0.050,0.200,0.350,0.150,-0.001,3.142,-0.000,-0.000,0.000,IDLE,1
65.448,MANUAL,0.000,0.000,0.600,0.050,0.200,0.350,0.150,-0.001,3.142,0.000,-0.000,0.000,IDLE,1
65.456,MANUAL,0.000,0.000,0.600,0.050,0.200,0.350,0.150,-0.001,3.142,0.000,-0.000,0.000,IDLE,1
65.464,MANUAL,0.000,0.000,0.600,0.050,0.200,0.350,0.150,-0.001,3.142,-0.000,-0.000,0.000,IDLE,1
65.472,MANUAL,0.000,0.000,0.600,0.050,0.200,0.350,0.150,-0.001,3.142,0.000,0.000,0.000,IDLE,1
65.480,MANUAL,0.000,0.000,0.600,0.050,0.200,0.350,0.150,-0.001,3.142,0.000,0.000,0.000,IDLE,1
65.488,MANUAL,0.000,0.000,0.600,0.050,0.200,0.350,0.150,-0.001,3.142,-0.000,0.000,0.000,IDLE,1
65.496,MANUAL,0.000,0.000,0.600,0.050,0.200,0.350,0.150,-0.001,3.142,-0.000,-0.000,0.000,IDLE,1
65.504,MANUAL,0.000,0.000,0.600,0.050,0.200,0.350,0.150,-0.001,3.142,0.000,-0.000,0.000,IDLE,1
65.512,MANUAL,0.000,0.000,0.600,0.050,0.200,0.350,0.150,-0.001,3.142,0.000,-0.000,0.000,IDLE,1
65.520,MANUAL,0.000,0.000,0.600,0.050,0.200,0.350,0.150,-0.001,3.142,0.000,0.000,0.000,IDLE,1
65.528,MANUAL,0.000,0.000,0.600,0.050,0.200,0.350,0.150,-0.001,3.142,0.000,-0.000,0.000,IDLE,1
65.536,MANUAL,0.000,0.000,0.600,0.050,0.200,0.350,0.150,-0.001,3.142,0.000,-0.000,0.000,IDLE,1
65.544,MANUAL,0.000,0.000,0.600,0.050,0.200,0.350,0.150,-0.001,3.142,-0.000,0.000,0.000,IDLE,1
65.552,MANUAL,0.000,0.000,0.600,0.050,0.200,0.350,0.150,-0.001,3.142,-0.000,-0.000,0.000,IDLE,1
65.560,MANUAL,0.000,0.000,0.600,0.050,0.200,0.350,0.150,-0.001,3.142,0.000,0.000,0.000,IDLE,1
65.568,MANUAL,0.000,0.000,0.600,0.050,0.200,0.350,0.150,-0.001,3.142,0.000,-0.000,0.000,IDLE,1
65.576,MANUAL,0.000,0.000,0.600,0.050,0.200,0.350,0.150,-0.001,3.142,0.000,0.000,0.000,IDLE,1
65.584,MANUAL,0.000,0.000,0.600,0.050,0.200,0.350,0.150,-0.001,3.142,0.000,0.000,0.000,IDLE,1
65.592,MANUAL,0.000,0.000,0.600,0.050,0.200,0.350,0.150,-0.001,3.142,0.000,-0.000,0.000,IDLE,1
65.600,MANUAL,0.000,0.000,0.600,0.050,0.200,0.350,0.150,-0.001,3.142,0.000,-0.000,0.000,IDLE,1
65.608,MANUAL,0.000,0.000,0.600,0.050,0.200,0.350,0.150,-0.001,3.142,-0.000,0.000,0.000,IDLE,1
65.616,MANUAL,0.000,0.000,0.600,0.050,0.200,0.350,0.150,-0.001,3.142,0.000,-0.000,0.000,IDLE,1
65.624,MANUAL,0.000,0.000,0.600,0.050,0.200,0.350,0.150,-0.001,3.142,0.000,-0.000,0.000,IDLE,1
65.632,MANUAL,0.000,0.000,0.600,0.050,0.200,0.350,0.150,-0.001,3.142,0.000,0.000,0.000,IDLE,1
65.640,MANUAL,0.000,0.000,0.600,0.050,0.200,0.350,0.150,-0.001,3.142,0.000,0.000,0.000,IDLE,1
65.648,MANUAL,0.000,0.000,0.600,0.050,0.200,0.350,0.150,-0.001,3.142,0.000,0.000,0.000,IDLE,1
65.656,MANUAL,0.000,0.000,0.600,0.050,0.200,0.350,0.150,-0.001,3.142,0.000,0.000,0.000,IDLE,1
65.664,MANUAL,0.000,0.000,0.600,0.050,0.200,0.350,0.150,-0.001,3.142,-0.000,-0.000,0.000,IDLE,1
65.672,MANUAL,0.000,0.000,0.600,0.050,0.200,0.350,0.150,-0.001,3.142,-0.000,-0.000,0.000,IDLE,1
65.680,MANUAL,0.000,0.000,0.600,0.050,0.200,0.350,0.150,-0.001,3.142,0.000,-0.000,0.000,IDLE,1
65.688,MANUAL,0.000,0.000,0.600,0.050,0.200,0.350,0.150,-0.001,3.142,0.000,-0.000,0.000,IDLE,1
65.696,MANUAL,0.000,0.000,0.600,0.050,0.200,0.350,0.150,-0.001,3.142,0.000,0.000,0.000,IDLE,1
65.704,MANUAL,0.000,0.000,0.600,0.050,0.200,0.350,0.150,-0.001,3.142,0.000,0.000,0.000,IDLE,1
65.712,MANUAL,0.000,0.000,0.600,0.050,0.200,0.350,0.150,-0.001,3.142,0.000,0.000,0.000,IDLE,1
65.720,MANUAL,0.000,0.000,0.600,0.050,0.200,0.350,0.150,-0.001,3.142,-0.000,0.000,0.000,IDLE,1
65.728,MANUAL,0.000,0.000,0.600,0.050,0.200,0.350,0.150,-0.001,3.142,-0.000,-0.000,0.000,IDLE,1
65.736,MANUAL,0.000,0.000,0.600,0.050,0.200,0.350,0.150,-0.001,3.142,0.000,-0.000,0.000,IDLE,1
65.744,MANUAL,0.000,0.000,0.600,0.050,0.200,0.350,0.150,-0.001,3.142,0.000,-0.000,0.000,IDLE,1
65.752,MANUAL,0.000,0.000,0.600,0.050,0.200,0.350,0.150,-0.001,3.142,0.000,0.000,0.000,IDLE,1
65.760,MANUAL,0.000,0.000,0.600,0.050,0.200,0.350,0.150,-0.001,3.142,0.000,0.000,0.000,IDLE,1
65.768,MANUAL,0.000,0.000,0.600,0.050,0.200,0.350,0.150,-0.001,3.142,0.000,0.000,0.000,IDLE,1
65.776,MANUAL,0.000,0.000,0.600,0.050,0.200,0.350,0.150,-0.001,3.142,-0.000,0.000,0.000,IDLE,1
65.784,MANUAL,0.000,0.000,0.600,0.050,0.200,0.350,0.150,-0.001,3.142,-0.000,-0.000,0.000,IDLE,1
65.792,MANUAL,0.000,0.000,0.600,0.050,0.200,0.350,0.150,-0.001,3.142,0.000,-0.000,0.000,IDLE,1
65.800,MANUAL,0.000,0.000,0.600,0.050,0.200,0.350,0.150,-0.001,3.142,0.000,-0.000,0.000,IDLE,1
65.808,MANUAL,0.000,0.000,0.600,0.050,0.200,0.350,0.150,-0.001,3.142,0.000,0.000,0.000,IDLE,1
65.816,MANUAL,0.000,0.000,0.600,0.050,0.200,0.350,0.150,-0.001,3.142,0.000,0.000,0.000,IDLE,1
65.824,MANUAL,0.000,0.000,0.600,0.050,0.200,0.350,0.150,-0.001,3.142,0.000,0.000,0.000,IDLE,1
65.832,MANUAL,0.000,0.000,0.600,0.050,0.200,0.350,0.150,-0.001,3.142,-0.000,0.000,0.000,IDLE,1
65.840,MANUAL,0.000,0.000,0.600,0.050,0.200,0.350,0.150,-0.001,3.142,-0.000,-0.000,0.000,IDLE,1
65.848,MANUAL,0.000,0.000,0.600,0.050,0.200,0.350,0.150,-0.001,3.142,0.000,0.000,0.000,IDLE,1
65.856,MANUAL,0.000,0.000,0.600,0.050,0.200,0.350,0.150,-0.001,3.142,0.000,-0.000,0.000,IDLE,1
65.864,MANUAL,0.000,0.000,0.600,0.050,0.200,0.350,0.150,-0.001,3.142,0.000,-0.000,0.000,IDLE,1
65.872,MANUAL,0.000,0.000,0.600,0.050,0.200,0.350,0.150,-0.001,3.142,0.000,-0.000,0.000,IDLE,1
65.880,MANUAL,0.000,0.000,0.600,0.050,0.200,0.350,0.150,-0.001,3.142,0.000,0.000,0.000,IDLE,1
65.888,MANUAL,0.000,0.000,0.600,0.050,0.200,0.350,0.150,-0.001,3.142,0.000,0.000,0.000,IDLE,1
65.896,MANUAL,0.000,0.000,0.600,0.050,0.200,0.350,0.150,-0.001,3.142,-0.000,0.000,0.000,IDLE,1
65.904,MANUAL,0.000,0.000,0.600,0.050,0.200,0.350,0.150,-0.001,3.142,0.000,-0.000,0.000,IDLE,1
65.912,MANUAL,0.000,0.000,0.600,0.050,0.200,0.350,0.150,-0.001,3.142,0.000,-0.000,0.000,IDLE,1
65.920,MANUAL,0.000,0.000,0.600,0.050,0.200,0.350,0.150,-0.001,3.142,0.000,0.000,0.000,IDLE,1
65.928,MANUAL,0.000,0.000,0.600,0.050,0.200,0.350,0.150,-0.001,3.142,0.000,-0.000,0.000,IDLE,1
65.936,MANUAL,0.000,0.000,0.600,0.050,0.200,0.350,0.150,-0.001,3.142,0.000,-0.000,0.000,IDLE,1
65.944,MANUAL,0.000,0.000,0.600,0.050,0.200,0.350,0.150,-0.001,3.142,0.000,0.000,0.000,IDLE,1
65.952,MANUAL,0.000,0.000,0.600,0.050,0.200,0.350,0.150,-0.001,3.142,-0.000,0.000,0.000,IDLE,1
65.960,MANUAL,0.000,0.000,0.600,0.050,0.200,0.350,0.150,-0.001,3.142,-0.000,-0.000,0.000,IDLE,1
65.968,MANUAL,0.000,0.000,0.600,0.050,0.200,0.350,0.150,-0.001,3.142,0.000,-0.000,0.000,IDLE,1
65.976,MANUAL,0.000,0.000,0.600,0.050,0.200,0.350,0.150,-0.001,3.142,0.000,-0.000,0.000,IDLE,1
65.984,MANUAL,0.000,0.000,0.600,0.050,0.200,0.350,0.150,-0.001,3.142,0.000,0.000,0.000,IDLE,1
65.992,MANUAL,0.000,0.000,0.600,0.050,0.200,0.350,0.150,-0.001,3.142,0.000,0.000,0.000,IDLE,1
66.000,MANUAL,0.000,0.000,0.600,0.050,0.200,0.350,0.150,-0.001,3.142,-0.000,-0.000,0.000,IDLE,1
66.008,MANUAL,0.000,0.000,0.600,0.050,0.200,0.350,0.150,-0.001,3.142,-0.000,-0.000,0.000,IDLE,1
66.016,MANUAL,0.000,0.000,0.600,0.050,0.200,0.350,0.150,-0.001,3.142,-0.000,-0.000,0.000,IDLE,1
66.024,MANUAL,0.000,0.000,0.600,0.050,0.200,0.350,0.150,-0.001,3.142,0.000,0.000,0.000,IDLE,1
66.032,MANUAL,0.000,0.000,0.600,0.050,0.200,0.350,0.150,-0.001,3.142,0.000,-0.000,0.000,IDLE,1
66.040,MANUAL,0.000,0.000,0.600,0.050,0.200,0.350,0.150,-0.001,3.142,0.000,0.000,0.000,IDLE,1
66.048,MANUAL,0.000,0.000,0.600,0.050,0.200,0.350,0.150,-0.001,3.142,0.000,0.000,0.000,IDLE,1
66.056,MANUAL,0.000,0.000,0.600,0.050,0.200,0.350,0.150,-0.001,3.142,0.000,0.000,0.000,IDLE,1
66.064,MANUAL,0.000,0.000,0.600,0.050,0.200,0.350,0.150,-0.001,3.142,-0.000,-0.000,0.000,IDLE,1
66.072,MANUAL,0.000,0.000,0.600,0.050,0.200,0.350,0.150,-0.001,3.142,-0.000,-0.000,0.000,IDLE,1
66.080,MANUAL,0.000,0.000,0.600,0.050,0.200,0.350,0.150,-0.001,3.142,0.000,-0.000,0.000,IDLE,1
66.088,MANUAL,0.000,0.000,0.600,0.050,0.200,0.350,0.150,-0.001,3.142,0.000,0.000,0.000,IDLE,1
66.096,MANUAL,0.000,0.000,0.600,0.050,0.200,0.350,0.150,-0.001,3.142,0.000,0.000,0.000,IDLE,1
66.104,MANUAL,0.000,0.000,0.600,0.050,0.200,0.350,0.150,-0.001,3.142,0.000,0.000,0.000,IDLE,1
66.112,MANUAL,0.000,0.000,0.600,0.050,0.200,0.350,0.150,-0.001,3.142,0.000,0.000,0.000,IDLE,1
66.120,MANUAL,0.000,0.000,0.600,0.050,0.200,0.350,0.150,-0.001,3.142,0.000,0.000,0.000,IDLE,1
66.128,MANUAL,0.000,0.000,0.600,0.050,0.200,0.350,0.150,-0.001,3.142,-0.000,-0.000,0.000,IDLE,1
66.136,MANUAL,0.000,0.000,0.600,0.050,0.200,0.350,0.150,-0.001,3.142,0.000,-0.000,0.000,IDLE,1
66.144,MANUAL,0.000,0.000,0.600,0.050,0.200,0.350,0.150,-0.001,3.142,0.000,-0.000,0.000,IDLE,1
66.152,MANUAL,0.000,0.000,0.600,0.050,0.200,0.350,0.150,-0.001,3.142,0.000,0.000,0.000,IDLE,1
66.160,MANUAL,0.000,0.000,0.600,0.050,0.200,0.350,0.150,-0.001,3.142,0.000,0.000,0.000,IDLE,1
66.168,MANUAL,0.000,0.000,0.600,0.050,0.200,0.350,0.150,-0.001,3.142,0.000,0.000,0.000,IDLE,1
66.176,MANUAL,0.000,0.000,0.600,0.050,0.200,0.350,0.150,-0.001,3.142,0.000,0.000,0.000,IDLE,1
66.184,MANUAL,0.000,0.000,0.600,0.050,0.200,0.350,0.150,-0.001,3.142,-0.000,0.000,0.000,IDLE,1
66.192,MANUAL,0.000,0.000,0.600,0.050,0.200,0.350,0.150,-0.001,3.142,0.000,-0.000,0.000,IDLE,1
66.200,MANUAL,0.000,0.000,0.600,0.050,0.200,0.350,0.150,-0.001,3.142,-0.000,-0.000,0.000,IDLE,1
66.208,MANUAL,0.000,0.000,0.600,0.050,0.200,0.350,0.150,-0.001,3.142,0.000,-0.000,0.000,IDLE,1
66.216,MANUAL,0.000,0.000,0.600,0.050,0.200,0.350,0.150,-0.001,3.142,0.000,0.000,0.000,IDLE,1
66.224,MANUAL,0.000,0.000,0.600,0.050,0.200,0.350,0.150,-0.001,3.142,0.000,0.000,0.000,IDLE,1
66.232,MANUAL,0.000,0.000,0.600,0.050,0.200,0.350,0.150,-0.001,3.142,0.000,0.000,0.000,IDLE,1
66.240,MANUAL,0.000,0.000,0.600,0.050,0.200,0.350,0.150,-0.001,3.142,-0.000,0.000,0.000,IDLE,1
66.248,MANUAL,0.000,0.000,0.600,0.050,0.200,0.350,0.150,-0.001,3.142,-0.000,-0.000,0.000,IDLE,1
66.256,MANUAL,0.000,0.000,0.600,0.050,0.200,0.350,0.150,-0.001,3.142,0.000,-0.000,0.000,IDLE,1
66.264,MANUAL,0.000,0.000,0.600,0.050,0.200,0.350,0.150,-0.001,3.142,0.000,-0.000,0.000,IDLE,1
66.272,MANUAL,0.000,0.000,0.600,0.050,0.200,0.350,0.150,-0.001,3.142,0.000,-0.000,0.000,IDLE,1
66.280,MANUAL,0.000,0.000,0.600,0.050,0.200,0.350,0.150,-0.001,3.142,0.000,0.000,0.000,IDLE,1
66.288,MANUAL,0.000,0.000,0.600,0.050,0.200,0.350,0.150,-0.001,3.142,0.000,0.000,0.000,IDLE,1
66.296,MANUAL,0.000,0.000,0.600,0.050,0.200,0.350,0.150,-0.001,3.142,-0.000,0.000,0.000,IDLE,1
66.304,MANUAL,0.000,0.000,0.600,0.050,0.200,0.350,0.150,-0.001,3.142,-0.000,-0.000,0.000,IDLE,1
66.312,MANUAL,0.000,0.000,0.600,0.050,0.200,0.350,0.150,-0.001,3.142,0.000,0.000,0.000,IDLE,1
66.320,MANUAL,0.000,0.000,0.600,0.050,0.200,0.350,0.150,-0.001,3.142,0.000,-0.000,0.000,IDLE,1
66.328,MANUAL,0.000,0.000,0.600,0.050,0.200,0.350,0.150,-0.001,3.142,0.000,-0.000,0.000,IDLE,1
66.336,MANUAL,0.000,0.000,0.600,0.050,0.200,0.350,0.150,-0.001,3.142,0.000,-0.000,0.000,IDLE,1
66.344,MANUAL,0.000,0.000,0.600,0.050,0.200,0.350,0.150,-0.001,3.142,0.000,0.000,0.000,IDLE,1
66.352,MANUAL,0.000,0.000,0.600,0.050,0.200,0.350,0.150,-0.001,3.142,-0.000,0.000,0.000,IDLE,1
66.360,MANUAL,0.000,0.000,0.600,0.050,0.200,0.350,0.150,-0.001,3.142,-0.000,-0.000,0.000,IDLE,1
66.368,MANUAL,0.000,0.000,0.600,0.050,0.200,0.350,0.150,-0.001,3.142,0.000,-0.000,0.000,IDLE,1
66.376,MANUAL,0.000,0.000,0.600,0.050,0.200,0.350,0.150,-0.001,3.142,0.000,-0.000,0.000,IDLE,1
66.384,MANUAL,0.000,0.000,0.600,0.050,0.200,0.350,0.150,-0.001,3.142,0.000,0.000,0.000,IDLE,1
66.392,MANUAL,0.000,0.000,0.600,0.050,0.200,0.350,0.150,-0.001,3.142,0.000,0.000,0.000,IDLE,1
66.400,MANUAL,0.000,0.000,0.600,0.050,0.200,0.350,0.150,-0.001,3.142,0.000,-0.000,0.000,IDLE,1
66.408,MANUAL,0.000,0.000,0.600,0.050,0.200,0.350,0.150,-0.001,3.142,0.000,-0.000,0.000,IDLE,1
66.416,MANUAL,0.000,0.000,0.600,0.050,0.200,0.350,0.150,-0.001,3.142,-0.000,0.000,0.000,IDLE,1
66.424,MANUAL,0.000,0.000,0.600,0.050,0.200,0.350,0.150,-0.001,3.142,0.000,-0.000,0.000,IDLE,1
66.432,MANUAL,0.000,0.000,0.600,0.050,0.200,0.350,0.150,-0.001,3.142,0.000,-0.000,0.000,IDLE,1
66.440,MANUAL,0.000,0.000,0.600,0.050,0.200,0.350,0.150,-0.001,3.142,0.000,0.000,0.000,IDLE,1
66.448,MANUAL,0.000,0.000,0.600,0.050,0.200,0.350,0.150,-0.001,3.142,0.000,0.000,0.000,IDLE,1
66.456,MANUAL,0.000,0.000,0.600,0.050,0.200,0.350,0.150,-0.001,3.142,0.000,0.000,0.000,IDLE,1
66.464,MANUAL,0.000,0.000,0.600,0.050,0.200,0.350,0.150,-0.001,3.142,0.000,-0.000,0.000,IDLE,1
66.472,MANUAL,0.000,0.000,0.600,0.050,0.200,0.350,0.150,-0.001,3.142,-0.000,-0.000,0.000,IDLE,1
66.480,MANUAL,0.000,0.000,0.600,0.050,0.200,0.350,0.150,-0.001,3.142,-0.000,-0.000,0.000,IDLE,1
66.488,MANUAL,0.000,0.000,0.600,0.050,0.200,0.350,0.150,-0.001,3.142,0.000,0.000,0.000,IDLE,1
66.496,MANUAL,0.000,0.000,0.600,0.050,0.200,0.350,0.150,-0.001,3.142,0.000,-0.000,0.000,IDLE,1
66.504,MANUAL,0.000,0.000,0.600,0.050,0.200,0.350,0.150,-0.001,3.142,0.000,0.000,0.000,IDLE,1
66.512,MANUAL,0.000,0.000,0.600,0.050,0.200,0.350,0.150,-0.001,3.142,0.000,0.000,0.000,IDLE,1
66.520,MANUAL,0.000,0.000,0.600,0.050,0.200,0.350,0.150,-0.001,3.142,0.000,0.000,0.000,IDLE,1
66.528,MANUAL,0.000,0.000,0.600,0.050,0.200,0.350,0.150,-0.001,3.142,0.000,-0.000,0.000,IDLE,1
66.536,MANUAL,0.000,0.000,0.600,0.050,0.200,0.350,0.150,-0.001,3.142,-0.000,-0.000,0.000,IDLE,1
66.544,MANUAL,0.000,0.000,0.600,0.050,0.200,0.350,0.150,-0.001,3.142,0.000,-0.000,0.000,IDLE,1
66.552,MANUAL,0.000,0.000,0.600,0.050,0.200,0.350,0.150,-0.001,3.142,0.000,-0.000,0.000,IDLE,1
66.560,MANUAL,0.000,0.000,0.600,0.050,0.200,0.350,0.150,-0.001,3.142,0.000,0.000,0.000,IDLE,1
66.568,MANUAL,0.000,0.000,0.600,0.050,0.200,0.350,0.150,-0.001,3.142,0.000,0.000,0.000,IDLE,1
66.576,MANUAL,0.000,0.000,0.600,0.050,0.200,0.350,0.150,-0.001,3.142,0.000,0.000,0.000,IDLE,1
66.584,MANUAL,0.000,0.000,0.600,0.050,0.200,0.350,0.150,-0.001,3.142,-0.000,0.000,0.000,IDLE,1
66.592,MANUAL,0.000,0.000,0.600,0.050,0.200,0.350,0.150,-0.001,3.142,-0.000,-0.000,0.000,IDLE,1
66.600,MANUAL,0.000,0.000,0.600,0.050,0.200,0.350,0.150,-0.001,3.142,0.000,-0.000,0.000,IDLE,1
66.608,MANUAL,0.000,0.000,0.600,0.050,0.200,0.350,0.150,-0.001,3.142,0.000,-0.000,0.000,IDLE,1
66.616,MANUAL,0.000,0.000,0.600,0.050,0.200,0.350,0.150,-0.001,3.142,0.000,0.000,0.000,IDLE,1
66.624,MANUAL,0.000,0.000,0.600,0.050,0.200,0.350,0.150,-0.001,3.142,0.000,0.000,0.000,IDLE,1
66.632,MANUAL,0.000,0.000,0.600,0.050,0.200,0.350,0.150,-0.001,3.142,0.000,0.000,0.000,IDLE,1
66.640,MANUAL,0.000,0.000,0.600,0.050,0.200,0.350,0.150,-0.001,3.142,-0.000,0.000,0.000,IDLE,1
66.648,MANUAL,0.000,0.000,0.600,0.050,0.200,0.350,0.150,-0.001,3.142,-0.000,-0.000,0.000,IDLE,1
66.656,MANUAL,0.000,0.000,0.600,0.050,0.200,0.350,0.150,-0.001,3.142,0.000,-0.000,0.000,IDLE,1
66.664,MANUAL,0.000,0.000,0.600,0.050,0.200,0.350,0.150,-0.001,3.142,0.000,-0.000,0.000,IDLE,1
66.672,MANUAL,0.000,0.000,0.600,0.050,0.200,0.350,0.150,-0.001,3.142,0.000,-0.000,0.000,IDLE,1
66.680,MANUAL,0.000,0.000,0.600,0.050,0.200,0.350,0.150,-0.001,3.142,0.000,0.000,0.000,IDLE,1
66.688,MANUAL,0.000,0.000,0.600,0.050,0.200,0.350,0.150,-0.001,3.142,0.000,0.000,0.000,IDLE,1
66.696,MANUAL,0.000,0.000,0.600,0.050,0.200,0.350,0.150,-0.001,3.142,0.000,0.000,0.000,IDLE,1
66.704,MANUAL,0.000,0.000,0.600,0.050,0.200,0.350,0.150,-0.001,3.142,-0.000,0.000,0.000,IDLE,1
66.712,MANUAL,0.000,0.000,0.600,0.050,0.200,0.350,0.150,-0.001,3.142,0.000,-0.000,0.000,IDLE,1
66.720,MANUAL,0.000,0.000,0.600,0.050,0.200,0.350,0.150,-0.001,3.142,0.000,-0.000,0.000,IDLE,1
66.728,MANUAL,0.000,0.000,0.600,0.050,0.200,0.350,0.150,-0.001,3.142,0.000,0.000,0.000,IDLE,1
66.736,MANUAL,0.000,0.000,0.600,0.050,0.200,0.350,0.150,-0.001,3.142,-0.000,-0.000,0.000,IDLE,1
66.744,MANUAL,0.000,0.000,0.600,0.050,0.200,0.350,0.150,-0.001,3.142,0.000,0.000,0.000,IDLE,1
66.752,MANUAL,0.000,0.000,0.600,0.050,0.200,0.350,0.150,-0.001,3.142,0.000,0.000,0.000,IDLE,1
66.760,MANUAL,0.000,0.000,0.600,0.050,0.200,0.350,0.150,-0.001,3.142,-0.000,0.000,0.000,IDLE,1
66.768,MANUAL,0.000,0.000,0.600,0.050,0.200,0.350,0.150,-0.001,3.142,-0.000,-0.000,0.000,IDLE,1
66.776,MANUAL,0.000,0.000,0.600,0.050,0.200,0.350,0.150,-0.001,3.142,0.000,0.000,0.000,IDLE,1
66.784,MANUAL,0.000,0.000,0.600,0.050,0.200,0.350,0.150,-0.001,3.142,0.000,-0.000,0.000,IDLE,1
66.792,MANUAL,0.000,0.000,0.600,0.050,0.200,0.350,0.150,-0.001,3.142,0.000,0.000,0.000,IDLE,1
66.800,MANUAL,0.000,0.000,0.600,0.050,0.200,0.350,0.150,-0.001,3.142,0.000,-0.000,0.000,IDLE,1
66.808,MANUAL,0.000,0.000,0.600,0.050,0.200,0.350,0.150,-0.001,3.142,0.000,-0.000,0.000,IDLE,1
66.816,MANUAL,0.000,0.000,0.600,0.050,0.200,0.350,0.150,-0.001,3.142,-0.000,0.000,0.000,IDLE,1
66.824,MANUAL,0.000,0.000,0.600,0.050,0.200,0.350,0.150,-0.001,3.142,-0.000,-0.000,0.000,IDLE,1
66.832,MANUAL,0.000,0.000,0.600,0.050,0.200,0.350,0.150,-0.001,3.142,0.000,-0.000,0.000,IDLE,1
66.840,MANUAL,0.000,0.000,0.600,0.050,0.200,0.350,0.150,-0.001,3.142,0.000,-0.000,0.000,IDLE,1
66.848,MANUAL,0.000,0.000,0.600,0.050,0.200,0.350,0.150,-0.001,3.142,0.000,0.000,0.000,IDLE,1
66.856,MANUAL,0.000,0.000,0.600,0.050,0.200,0.350,0.150,-0.001,3.142,0.000,0.000,0.000,IDLE,1
66.864,MANUAL,0.000,0.000,0.600,0.050,0.200,0.350,0.150,-0.001,3.142,0.000,-0.000,0.000,IDLE,1
66.872,MANUAL,0.000,0.000,0.600,0.050,0.200,0.350,0.150,-0.001,3.142,-0.000,-0.000,0.000,IDLE,1
66.880,MANUAL,0.000,0.000,0.600,0.050,0.200,0.350,0.150,-0.001,3.142,-0.000,-0.000,0.000,IDLE,1
66.888,MANUAL,0.000,0.000,0.600,0.050,0.200,0.350,0.150,-0.001,3.142,0.000,0.000,0.000,IDLE,1
66.896,MANUAL,0.000,0.000,0.600,0.050,0.200,0.350,0.150,-0.001,3.142,0.000,-0.000,0.000,IDLE,1
66.904,MANUAL,0.000,0.000,0.600,0.050,0.200,0.350,0.150,-0.001,3.142,0.000,0.000,0.000,IDLE,1
66.912,MANUAL,0.000,0.000,0.600,0.050,0.200,0.350,0.150,-0.001,3.142,0.000,0.000,0.000,IDLE,1
66.920,MANUAL,0.000,0.000,0.600,0.050,0.200,0.350,0.150,-0.001,3.142,0.000,0.000,0.000,IDLE,1
66.928,MANUAL,0.000,0.000,0.600,0.050,0.200,0.350,0.150,-0.001,3.142,-0.000,0.000,0.000,IDLE,1
66.936,MANUAL,0.000,0.000,0.600,0.050,0.200,0.350,0.150,-0.001,3.142,-0.000,-0.000,0.000,IDLE,1
66.944,MANUAL,0.000,0.000,0.600,0.050,0.200,0.350,0.150,-0.001,3.142,0.000,-0.000,0.000,IDLE,1
66.952,MANUAL,0.000,0.000,0.600,0.050,0.200,0.350,0.150,-0.001,3.142,0.000,-0.000,0.000,IDLE,1
66.960,MANUAL,0.000,0.000,0.600,0.050,0.200,0.350,0.150,-0.001,3.142,0.000,0.000,0.000,IDLE,1
66.968,MANUAL,0.000,0.000,0.600,0.050,0.200,0.350,0.150,-0.001,3.142,0.000,0.000,0.000,IDLE,1
66.976,MANUAL,0.000,0.000,0.600,0.050,0.200,0.350,0.150,-0.001,3.142,0.000,0.000,0.000,IDLE,1
66.984,MANUAL,0.000,0.000,0.600,0.050,0.200,0.350,0.150,-0.001,3.142,0.000,0.000,0.000,IDLE,1
66.992,MANUAL,0.000,0.000,0.600,0.050,0.200,0.350,0.150,-0.001,3.142,-0.000,-0.000,0.000,IDLE,1
67.000,MANUAL,0.000,0.000,0.600,0.050,0.200,0.350,0.150,-0.001,3.142,0.000,-0.000,0.000,IDLE,1
67.008,MANUAL,0.000,0.000,0.600,0.050,0.200,0.350,0.150,-0.001,3.142,0.000,-0.000,0.000,IDLE,1
67.016,MANUAL,0.000,0.000,0.600,0.050,0.200,0.350,0.150,-0.001,3.142,0.000,0.000,0.000,IDLE,1
67.024,MANUAL,0.000,0.000,0.600,0.050,0.200,0.350,0.150,-0.001,3.142,0.000,0.000,0.000,IDLE,1
67.032,MANUAL,0.000,0.000,0.600,0.050,0.200,0.350,0.150,-0.001,3.142,0.000,0.000,0.000,IDLE,1
67.040,MANUAL,0.000,0.000,0.600,0.050,0.200,0.350,0.150,-0.001,3.142,0.000,0.000,0.000,IDLE,1
67.048,MANUAL,0.000,0.000,0.600,0.050,0.200,0.350,0.150,-0.001,3.142,-0.000,0.000,0.000,IDLE,1
67.056,MANUAL,0.000,0.000,0.600,0.050,0.200,0.350,0.150,-0.001,3.142,-0.000,-0.000,0.000,IDLE,1
67.064,MANUAL,0.000,0.000,0.600,0.050,0.200,0.350,0.150,-0.001,3.142,0.000,-0.000,0.000,IDLE,1
67.072,MANUAL,0.000,0.000,0.600,0.050,0.200,0.350,0.150,-0.001,3.142,0.000,-0.000,0.000,IDLE,1
67.080,MANUAL,0.000,0.000,0.600,0.050,0.200,0.350,0.150,-0.001,3.142,0.000,0.000,0.000,IDLE,1
67.088,MANUAL,0.000,0.000,0.600,0.050,0.200,0.350,0.150,-0.001,3.142,0.000,0.000,0.000,IDLE,1
67.096,MANUAL,0.000,0.000,0.600,0.050,0.200,0.350,0.150,-0.001,3.142,0.000,0.000,0.000,IDLE,1
67.104,MANUAL,0.000,0.000,0.600,0.050,0.200,0.350,0.150,-0.001,3.142,-0.000,0.000,0.000,IDLE,1
67.112,MANUAL,0.000,0.000,0.600,0.050,0.200,0.350,0.150,-0.001,3.142,-0.000,-0.000,0.000,IDLE,1
67.120,MANUAL,0.000,0.000,0.600,0.050,0.200,0.350,0.150,-0.001,3.142,0.000,-0.000,0.000,IDLE,1
67.128,MANUAL,0.000,0.000,0.600,0.050,0.200,0.350,0.150,-0.001,3.142,0.000,-0.000,0.000,IDLE,1
67.136,MANUAL,0.000,0.000,0.600,0.050,0.200,0.350,0.150,-0.001,3.142,0.000,-0.000,0.000,IDLE,1
67.144,MANUAL,0.000,0.000,0.600,0.050,0.200,0.350,0.150,-0.001,3.142,0.000,-0.000,0.000,IDLE,1
67.152,MANUAL,0.000,0.000,0.600,0.050,0.200,0.350,0.150,-0.001,3.142,0.000,0.000,0.000,IDLE,1
67.160,MANUAL,0.000,0.000,0.600,0.050,0.200,0.350,0.150,-0.001,3.142,-0.000,0.000,0.000,IDLE,1
67.168,MANUAL,0.000,0.000,0.600,0.050,0.200,0.350,0.150,-0.001,3.142,-0.000,-0.000,0.000,IDLE,1
67.176,MANUAL,0.000,0.000,0.600,0.050,0.200,0.350,0.150,-0.001,3.142,0.000,0.000,0.000,IDLE,1
67.184,MANUAL,0.000,0.000,0.600,0.050,0.200,0.350,0.150,-0.001,3.142,0.000,-0.000,0.000,IDLE,1
67.192,MANUAL,0.000,0.000,0.600,0.050,0.200,0.350,0.150,-0.001,3.142,0.000,0.000,0.000,IDLE,1
67.200,MANUAL,0.000,0.000,0.600,0.050,0.200,0.350,0.150,-0.001,3.142,0.000,-0.000,0.000,IDLE,1
67.208,MANUAL,0.000,0.000,0.600,0.050,0.200,0.350,0.150,-0.001,3.142,0.000,-0.000,0.000,IDLE,1
67.216,MANUAL,0.000,0.000,0.600,0.050,0.200,0.350,0.150,-0.001,3.142,-0.000,0.000,0.000,IDLE,1
67.224,MANUAL,0.000,0.000,0.600,0.050,0.200,0.350,0.150,-0.001,3.142,-0.000,-0.000,0.000,IDLE,1
67.232,MANUAL,0.000,0.000,0.600,0.050,0.200,0.350,0.150,-0.001,3.142,0.000,0.000,0.000,IDLE,1
67.240,MANUAL,0.000,0.000,0.600,0.050,0.200,0.350,0.150,-0.001,3.142,0.000,-0.000,0.000,IDLE,1
67.248,MANUAL,0.000,0.000,0.600,0.050,0.200,0.350,0.150,-0.001,3.142,0.000,0.000,0.000,IDLE,1
67.256,MANUAL,0.000,0.000,0.600,0.050,0.200,0.350,0.150,-0.001,3.142,0.000,0.000,0.000,IDLE,1
67.264,MANUAL,0.000,0.000,0.600,0.050,0.200,0.350,0.150,-0.001,3.142,0.000,-0.000,0.000,IDLE,1
67.272,MANUAL,0.000,0.000,0.600,0.050,0.200,0.350,0.150,-0.001,3.142,-0.000,-0.000,0.000,IDLE,1
67.280,MANUAL,0.000,0.000,0.600,0.050,0.200,0.350,0.150,-0.001,3.142,-0.000,-0.000,0.000,IDLE,1
67.288,MANUAL,0.000,0.000,0.600,0.050,0.200,0.350,0.150,-0.001,3.142,0.000,-0.000,0.000,IDLE,1
67.296,MANUAL,0.000,0.000,0.600,0.050,0.200,0.350,0.150,-0.001,3.142,0.000,-0.000,0.000,IDLE,1
67.304,MANUAL,0.000,0.000,0.600,0.050,0.200,0.350,0.150,-0.001,3.142,0.000,0.000,0.000,IDLE,1
67.312,MANUAL,0.000,0.000,0.600,0.050,0.200,0.350,0.150,-0.001,3.142,0.000,0.000,0.000,IDLE,1
67.320,MANUAL,0.000,0.000,0.600,0.050,0.200,0.350,0.150,-0.001,3.142,0.000,0.000,0.000,IDLE,1
67.328,MANUAL,0.000,0.000,0.600,0.050,0.200,0.350,0.150,-0.001,3.142,0.000,0.000,0.000,IDLE,1
67.336,MANUAL,0.000,0.000,0.600,0.050,0.200,0.350,0.150,-0.001,3.142,-0.000,-0.000,0.000,IDLE,1
67.344,MANUAL,0.000,0.000,0.600,0.050,0.200,0.350,0.150,-0.001,3.142,-0.000,-0.000,0.000,IDLE,1
67.352,MANUAL,0.000,0.000,0.600,0.050,0.200,0.350,0.150,-0.001,3.142,0.000,0.000,0.000,IDLE,1
67.360,MANUAL,0.000,0.000,0.600,0.050,0.200,0.350,0.150,-0.001,3.142,0.000,-0.000,0.000,IDLE,1
67.368,MANUAL,0.000,0.000,0.600,0.050,0.200,0.350,0.150,-0.001,3.142,0.000,0.000,0.000,IDLE,1
67.376,MANUAL,0.000,0.000,0.600,0.050,0.200,0.350,0.150,-0.001,3.142,0.000,0.000,0.000,IDLE,1
67.384,MANUAL,0.000,0.000,0.600,0.050,0.200,0.350,0.150,-0.001,3.142,0.000,0.000,0.000,IDLE,1
67.392,MANUAL,0.000,0.000,0.600,0.050,0.200,0.350,0.150,-0.001,3.142,-0.000,-0.000,0.000,IDLE,1
67.400,MANUAL,0.000,0.000,0.600,0.050,0.200,0.350,0.150,-0.001,3.142,-0.000,-0.000,0.000,IDLE,1
67.408,MANUAL,0.000,0.000,0.600,0.050,0.200,0.350,0.150,-0.001,3.142,0.000,-0.000,0.000,IDLE,1
67.416,MANUAL,0.000,0.000,0.600,0.050,0.200,0.350,0.150,-0.001,3.142,0.000,-0.000,0.000,IDLE,1
67.424,MANUAL,0.000,0.000,0.600,0.050,0.200,0.350,0.150,-0.001,3.142,0.000,0.000,0.000,IDLE,1
67.432,MANUAL,0.000,0.000,0.600,0.050,0.200,0.350,0.150,-0.001,3.142,0.000,0.000,0.000,IDLE,1
67.440,MANUAL,0.000,0.000,0.600,0.050,0.200,0.350,0.150,-0.001,3.142,0.000,0.000,0.000,IDLE,1
67.448,MANUAL,0.000,0.000,0.600,0.050,0.200,0.350,0.150,-0.001,3.142,-0.000,0.000,0.000,IDLE,1
67.456,MANUAL,0.000,0.000,0.600,0.050,0.200,0.350,0.150,-0.001,3.142,-0.000,-0.000,0.000,IDLE,1
67.464,MANUAL,0.000,0.000,0.600,0.050,0.200,0.350,0.150,-0.001,3.142,0.000,-0.000,0.000,IDLE,1
67.472,MANUAL,0.000,0.000,0.600,0.050,0.200,0.350,0.150,-0.001,3.142,-0.000,-0.000,0.000,IDLE,1
67.480,MANUAL,0.000,0.000,0.600,0.050,0.200,0.350,0.150,-0.001,3.142,0.000,0.000,0.000,IDLE,1
67.488,MANUAL,0.000,0.000,0.600,0.050,0.200,0.350,0.150,-0.001,3.142,0.000,0.000,0.000,IDLE,1
67.496,MANUAL,0.000,0.000,0.600,0.050,0.200,0.350,0.150,-0.001,3.142,0.000,0.000,0.000,IDLE,1
67.504,MANUAL,0.000,0.000,0.600,0.050,0.200,0.350,0.150,-0.001,3.142,0.000,0.000,0.000,IDLE,1
67.512,MANUAL,0.000,0.000,0.600,0.050,0.200,0.350,0.150,-0.001,3.142,-0.000,0.000,0.000,IDLE,1
67.520,MANUAL,0.000,0.000,0.600,0.050,0.200,0.350,0.150,-0.001,3.142,0.000,-0.000,0.000,IDLE,1
67.528,MANUAL,0.000,0.000,0.600,0.050,0.200,0.350,0.150,-0.001,3.142,0.000,-0.000,0.000,IDLE,1
67.536,MANUAL,0.000,0.000,0.600,0.050,0.200,0.350,0.150,-0.001,3.142,0.000,-0.000,0.000,IDLE,1
67.544,MANUAL,0.000,0.000,0.600,0.050,0.200,0.350,0.150,-0.001,3.142,0.000,-0.000,0.000,IDLE,1
67.552,MANUAL,0.000,0.000,0.600,0.050,0.200,0.350,0.150,-0.001,3.142,0.000,0.000,0.000,IDLE,1
67.560,MANUAL,0.000,0.000,0.600,0.050,0.200,0.350,0.150,-0.001,3.142,0.000,0.000,0.000,IDLE,1
67.568,MANUAL,0.000,0.000,0.600,0.050,0.200,0.350,0.150,-0.001,3.142,-0.000,0.000,0.000,IDLE,1
67.576,MANUAL,0.000,0.000,0.600,0.050,0.200,0.350,0.150,-0.001,3.142,-0.000,-0.000,0.000,IDLE,1
67.584,MANUAL,0.000,0.000,0.600,0.050,0.200,0.350,0.150,-0.001,3.142,0.000,-0.000,0.000,IDLE,1
67.592,MANUAL,0.000,0.000,0.600,0.050,0.200,0.350,0.150,-0.001,3.142,0.000,-0.000,0.000,IDLE,1
67.600,MANUAL,0.000,0.000,0.600,0.050,0.200,0.350,0.150,-0.001,3.142,0.000,-0.000,0.000,IDLE,1
67.608,MANUAL,0.000,0.000,0.600,0.050,0.200,0.350,0.150,-0.001,3.142,0.000,-0.000,0.000,IDLE,1
67.616,MANUAL,0.000,0.000,0.600,0.050,0.200,0.350,0.150,-0.001,3.142,0.000,0.000,0.000,IDLE,1
67.624,MANUAL,0.000,0.000,0.600,0.050,0.200,0.350,0.150,-0.001,3.142,-0.000,0.000,0.000,IDLE,1
67.632,MANUAL,0.000,0.000,0.600,0.050,0.200,0.350,0.150,-0.001,3.142,-0.000,-0.000,0.000,IDLE,1
67.640,MANUAL,0.000,0.000,0.600,0.050,0.200,0.350,0.150,-0.001,3.142,0.000,0.000,0.000,IDLE,1
67.648,MANUAL,0.000,0.000,0.600,0.050,0.200,0.350,0.150,-0.001,3.142,0.000,-0.000,0.000,IDLE,1
67.656,MANUAL,0.000,0.000,0.600,0.050,0.200,0.350,0.150,-0.001,3.142,0.000,0.000,0.000,IDLE,1
67.664,MANUAL,0.000,0.000,0.600,0.050,0.200,0.350,0.150,-0.001,3.142,0.000,0.000,0.000,IDLE,1
67.672,MANUAL,0.000,0.000,0.600,0.050,0.200,0.350,0.150,-0.001,3.142,0.000,-0.000,0.000,IDLE,1
67.680,MANUAL,0.000,0.000,0.600,0.050,0.200,0.350,0.150,-0.001,3.142,-0.000,-0.000,0.000,IDLE,1
67.688,MANUAL,0.000,0.000,0.600,0.050,0.200,0.350,0.150,-0.001,3.142,-0.000,-0.000,0.000,IDLE,1
67.696,MANUAL,0.000,0.000,0.600,0.050,0.200,0.350,0.150,-0.001,3.142,0.000,0.000,0.000,IDLE,1
67.704,MANUAL,0.000,0.000,0.600,0.050,0.200,0.350,0.150,-0.001,3.142,0.000,-0.000,0.000,IDLE,1
67.712,MANUAL,0.000,0.000,0.600,0.050,0.200,0.350,0.150,-0.001,3.142,0.000,0.000,0.000,IDLE,1
67.720,MANUAL,0.000,0.000,0.600,0.050,0.200,0.350,0.150,-0.001,3.142,0.000,0.000,0.000,IDLE,1
67.728,MANUAL,0.000,0.000,0.600,0.050,0.200,0.350,0.150,-0.001,3.142,0.000,0.000,0.000,IDLE,1
67.736,MANUAL,0.000,0.000,0.600,0.050,0.200,0.350,0.150,-0.001,3.142,-0.000,-0.000,0.000,IDLE,1
67.744,MANUAL,0.000,0.000,0.600,0.050,0.200,0.350,0.150,-0.001,3.142,-0.000,-0.000,0.000,IDLE,1
67.752,MANUAL,0.000,0.000,0.600,0.050,0.200,0.350,0.150,-0.001,3.142,0.000,0.000,0.000,IDLE,1
67.760,MANUAL,0.000,0.000,0.600,0.050,0.200,0.350,0.150,-0.001,3.142,0.000,-0.000,0.000,IDLE,1
67.768,MANUAL,0.000,0.000,0.600,0.050,0.200,0.350,0.150,-0.001,3.142,0.000,0.000,0.000,IDLE,1
67.776,MANUAL,0.000,0.000,0.600,0.050,0.200,0.350,0.150,-0.001,3.142,0.000,0.000,0.000,IDLE,1
67.784,MANUAL,0.000,0.000,0.600,0.050,0.200,0.350,0.150,-0.001,3.142,0.000,0.000,0.000,IDLE,1
67.792,MANUAL,0.000,0.000,0.600,0.050,0.200,0.350,0.150,-0.001,3.142,0.000,0.000,0.000,IDLE,1
67.800,MANUAL,0.000,0.000,0.600,0.050,0.200,0.350,0.150,-0.001,3.142,0.000,-0.000,0.000,IDLE,1
67.808,MANUAL,0.000,0.000,0.600,0.050,0.200,0.350,0.150,-0.001,3.142,-0.000,-0.000,0.000,IDLE,1
67.816,MANUAL,0.000,0.000,0.600,0.050,0.200,0.350,0.150,-0.001,3.142,0.000,-0.000,0.000,IDLE,1
67.824,MANUAL,0.000,0.000,0.600,0.050,0.200,0.350,0.150,-0.001,3.142,0.000,0.000,0.000,IDLE,1
67.832,MANUAL,0.000,0.000,0.600,0.050,0.200,0.350,0.150,-0.001,3.142,0.000,0.000,0.000,IDLE,1
67.840,MANUAL,0.000,0.000,0.600,0.050,0.200,0.350,0.150,-0.001,3.142,0.000,0.000,0.000,IDLE,1
67.848,MANUAL,0.000,0.000,0.600,0.050,0.200,0.350,0.150,-0.001,3.142,0.000,0.000,0.000,IDLE,1
67.856,MANUAL,0.000,0.000,0.600,0.050,0.200,0.350,0.150,-0.001,3.142,-0.000,-0.000,0.000,IDLE,1
67.864,MANUAL,0.000,0.000,0.600,0.050,0.200,0.350,0.150,-0.001,3.142,-0.000,-0.000,0.000,IDLE,1
67.872,MANUAL,0.000,0.000,0.600,0.050,0.200,0.350,0.150,-0.001,3.142,0.000,-0.000,0.000,IDLE,1
67.880,MANUAL,0.000,0.000,0.600,0.050,0.200,0.350,0.150,-0.001,3.142,0.000,-0.000,0.000,IDLE,1
67.888,MANUAL,0.000,0.000,0.600,0.050,0.200,0.350,0.150,-0.001,3.142,0.000,0.000,0.000,IDLE,1
67.896,MANUAL,0.000,0.000,0.600,0.050,0.200,0.350,0.150,-0.001,3.142,0.000,0.000,0.000,IDLE,1
67.904,MANUAL,0.000,0.000,0.600,0.050,0.200,0.350,0.150,-0.001,3.142,0.000,0.000,0.000,IDLE,1
67.912,MANUAL,0.000,0.000,0.600,0.050,0.200,0.350,0.150,-0.001,3.142,-0.000,0.000,0.000,IDLE,1
67.920,MANUAL,0.000,0.000,0.600,0.050,0.200,0.350,0.150,-0.001,3.142,-0.000,-0.000,0.000,IDLE,1
67.928,MANUAL,0.000,0.000,0.600,0.050,0.200,0.350,0.150,-0.001,3.142,0.000,-0.000,0.000,IDLE,1
67.936,MANUAL,0.000,0.000,0.600,0.050,0.200,0.350,0.150,-0.001,3.142,0.000,-0.000,0.000,IDLE,1
67.944,MANUAL,0.000,0.000,0.600,0.050,0.200,0.350,0.150,-0.001,3.142,0.000,-0.000,0.000,IDLE,1
67.952,MANUAL,0.000,0.000,0.600,0.050,0.200,0.350,0.150,-0.001,3.142,0.000,0.000,0.000,IDLE,1
67.960,MANUAL,0.000,0.000,0.600,0.050,0.200,0.350,0.150,-0.001,3.142,0.000,0.000,0.000,IDLE,1
67.968,MANUAL,0.000,0.000,0.600,0.050,0.200,0.350,0.150,-0.001,3.142,-0.000,0.000,0.000,IDLE,1
67.976,MANUAL,0.000,0.000,0.600,0.050,0.200,0.350,0.150,-0.001,3.142,-0.000,-0.000,0.000,IDLE,1
67.984,MANUAL,0.000,0.000,0.600,0.050,0.200,0.350,0.150,-0.001,3.142,0.000,-0.000,0.000,IDLE,1
67.992,MANUAL,0.000,0.000,0.600,0.050,0.200,0.350,0.150,-0.001,3.142,0.000,-0.000,0.000,IDLE,1
68.000,MANUAL,0.000,0.000,0.600,0.050,0.200,0.350,0.150,-0.001,3.142,0.000,-0.000,0.000,IDLE,1
68.008,MANUAL,0.000,0.000,0.600,0.050,0.200,0.350,0.150,-0.001,3.142,-0.000,-0.000,0.000,IDLE,1
68.016,MANUAL,0.000,0.000,0.600,0.050,0.200,0.350,0.150,-0.001,3.142,0.000,0.000,0.000,IDLE,1
68.024,MANUAL,0.000,0.000,0.600,0.050,0.200,0.350,0.150,-0.001,3.142,-0.000,0.000,0.000,IDLE,1
68.032,MANUAL,0.000,0.000,0.600,0.050,0.200,0.350,0.150,-0.001,3.142,-0.000,-0.000,0.000,IDLE,1
68.040,MANUAL,0.000,0.000,0.600,0.050,0.200,0.350,0.150,-0.001,3.142,0.000,0.000,0.000,IDLE,1
68.048,MANUAL,0.000,0.000,0.600,0.050,0.200,0.350,0.150,-0.001,3.142,0.000,-0.000,0.000,IDLE,1
68.056,MANUAL,0.000,0.000,0.600,0.050,0.200,0.350,0.150,-0.001,3.142,0.000,0.000,0.000,IDLE,1
68.064,MANUAL,0.000,0.000,0.600,0.050,0.200,0.350,0.150,-0.001,3.142,0.000,0.000,0.000,IDLE,1
68.072,MANUAL,0.000,0.000,0.600,0.050,0.200,0.350,0.150,-0.001,3.142,0.000,-0.000,0.000,IDLE,1
68.080,MANUAL,0.000,0.000,0.600,0.050,0.200,0.350,0.150,-0.001,3.142,0.000,-0.000,0.000,IDLE,1
68.088,MANUAL,0.000,0.000,0.600,0.050,0.200,0.350,0.150,-0.001,3.142,-0.000,0.000,0.000,IDLE,1
68.096,MANUAL,0.000,0.000,0.600,0.050,0.200,0.350,0.150,-0.001,3.142,0.000,-0.000,0.000,IDLE,1
68.104,MANUAL,0.000,0.000,0.600,0.050,0.200,0.350,0.150,-0.001,3.142,0.000,-0.000,0.000,IDLE,1
68.112,MANUAL,0.000,0.000,0.600,0.050,0.200,0.350,0.150,-0.001,3.142,0.000,0.000,0.000,IDLE,1
68.120,MANUAL,0.000,0.000,0.600,0.050,0.200,0.350,0.150,-0.001,3.142,0.000,0.000,0.000,IDLE,1
68.128,MANUAL,0.000,0.000,0.600,0.050,0.200,0.350,0.150,-0.001,3.142,0.000,0.000,0.000,IDLE,1
68.136,MANUAL,0.000,0.000,0.600,0.050,0.200,0.350,0.150,-0.001,3.142,0.000,-0.000,0.000,IDLE,1
68.144,MANUAL,0.000,0.000,0.600,0.050,0.200,0.350,0.150,-0.001,3.142,-0.000,-0.000,0.000,IDLE,1
68.152,MANUAL,0.000,0.000,0.600,0.050,0.200,0.350,0.150,-0.001,3.142,-0.000,-0.000,0.000,IDLE,1
68.160,MANUAL,0.000,0.000,0.600,0.050,0.200,0.350,0.150,-0.001,3.142,0.000,0.000,0.000,IDLE,1
68.168,MANUAL,0.000,0.000,0.600,0.050,0.200,0.350,0.150,-0.001,3.142,0.000,-0.000,0.000,IDLE,1
68.176,MANUAL,0.000,0.000,0.600,0.050,0.200,0.350,0.150,-0.001,3.142,0.000,0.000,0.000,IDLE,1
68.184,MANUAL,0.000,0.000,0.600,0.050,0.200,0.350,0.150,-0.001,3.142,0.000,0.000,0.000,IDLE,1
68.192,MANUAL,0.000,0.000,0.600,0.050,0.200,0.350,0.150,-0.001,3.142,0.000,0.000,0.000,IDLE,1
68.200,MANUAL,0.000,0.000,0.600,0.050,0.200,0.350,0.150,-0.001,3.142,-0.000,0.000,0.000,IDLE,1
68.208,MANUAL,0.000,0.000,0.600,0.050,0.200,0.350,0.150,-0.001,3.142,-0.000,-0.000,0.000,IDLE,1
68.216,MANUAL,0.000,0.000,0.600,0.050,0.200,0.350,0.150,-0.001,3.142,0.000,-0.000,0.000,IDLE,1
68.224,MANUAL,0.000,0.000,0.600,0.050,0.200,0.350,0.150,-0.001,3.142,0.000,-0.000,0.000,IDLE,1
68.232,MANUAL,0.000,0.000,0.600,0.050,0.200,0.350,0.150,-0.001,3.142,0.000,0.000,0.000,IDLE,1
68.240,MANUAL,0.000,0.000,0.600,0.050,0.200,0.350,0.150,-0.001,3.142,0.000,0.000,0.000,IDLE,1
68.248,MANUAL,0.000,0.000,0.600,0.050,0.200,0.350,0.150,-0.001,3.142,0.000,0.000,0.000,IDLE,1
68.256,MANUAL,0.000,0.000,0.600,0.050,0.200,0.350,0.150,-0.001,3.142,-0.000,0.000,0.000,IDLE,1
68.264,MANUAL,0.000,0.000,0.600,0.050,0.200,0.350,0.150,-0.001,3.142,-0.000,-0.000,0.000,IDLE,1
68.272,MANUAL,0.000,0.000,0.600,0.050,0.200,0.350,0.150,-0.001,3.142,0.000,-0.000,0.000,IDLE,1
68.280,MANUAL,0.000,0.000,0.600,0.050,0.200,0.350,0.150,-0.001,3.142,0.000,-0.000,0.000,IDLE,1
68.288,MANUAL,0.000,0.000,0.600,0.050,0.200,0.350,0.150,-0.001,3.142,0.000,0.000,0.000,IDLE,1
68.296,MANUAL,0.000,0.000,0.600,0.050,0.200,0.350,0.150,-0.001,3.142,0.000,0.000,0.000,IDLE,1
68.304,MANUAL,0.000,0.000,0.600,0.050,0.200,0.350,0.150,-0.001,3.142,0.000,0.000,0.000,IDLE,1
68.312,MANUAL,0.000,0.000,0.600,0.050,0.200,0.350,0.150,-0.001,3.142,-0.000,0.000,0.000,IDLE,1
68.320,MANUAL,0.000,0.000,0.600,0.050,0.200,0.350,0.150,-0.001,3.142,-0.000,-0.000,0.000,IDLE,1
68.328,MANUAL,0.000,0.000,0.600,0.050,0.200,0.350,0.150,-0.001,3.142,0.000,0.000,0.000,IDLE,1
68.336,MANUAL,0.000,0.000,0.600,0.050,0.200,0.350,0.150,-0.001,3.142,0.000,-0.000,0.000,IDLE,1
68.344,MANUAL,0.000,0.000,0.600,0.050,0.200,0.350,0.150,-0.001,3.142,0.000,-0.000,0.000,IDLE,1
68.352,MANUAL,0.000,0.000,0.600,0.050,0.200,0.350,0.150,-0.001,3.142,0.000,0.000,0.000,IDLE,1
68.360,MANUAL,0.000,0.000,0.600,0.050,0.200,0.350,0.150,-0.001,3.142,0.000,0.000,0.000,IDLE,1
68.368,MANUAL,0.000,0.000,0.600,0.050,0.200,0.350,0.150,-0.001,3.142,0.000,0.000,0.000,IDLE,1
68.376,MANUAL,0.000,0.000,0.600,0.050,0.200,0.350,0.150,-0.001,3.142,-0.000,0.000,0.000,IDLE,1
68.384,MANUAL,0.000,0.000,0.600,0.050,0.200,0.350,0.150,-0.001,3.142,0.000,-0.000,0.000,IDLE,1
68.392,MANUAL,0.000,0.000,0.600,0.050,0.200,0.350,0.150,-0.001,3.142,0.000,-0.000,0.000,IDLE,1
68.400,MANUAL,0.000,0.000,0.600,0.050,0.200,0.350,0.150,-0.001,3.142,0.000,0.000,0.000,IDLE,1
68.408,MANUAL,0.000,0.000,0.600,0.050,0.200,0.350,0.150,-0.001,3.142,0.000,-0.000,0.000,IDLE,1
68.416,MANUAL,0.000,0.000,0.600,0.050,0.200,0.350,0.150,-0.001,3.142,0.000,-0.000,0.000,IDLE,1
68.424,MANUAL,0.000,0.000,0.600,0.050,0.200,0.350,0.150,-0.001,3.142,0.000,0.000,0.000,IDLE,1
68.432,MANUAL,0.000,0.000,0.600,0.050,0.200,0.350,0.150,-0.001,3.142,-0.000,0.000,0.000,IDLE,1
68.440,MANUAL,0.000,0.000,0.600,0.050,0.200,0.350,0.150,-0.001,3.142,-0.000,-0.000,0.000,IDLE,1
68.448,MANUAL,0.000,0.000,0.600,0.050,0.200,0.350,0.150,-0.001,3.142,0.000,-0.000,0.000,IDLE,1
68.456,MANUAL,0.000,0.000,0.600,0.050,0.200,0.350,0.150,-0.001,3.142,0.000,-0.000,0.000,IDLE,1
68.464,MANUAL,0.000,0.000,0.600,0.050,0.200,0.350,0.150,-0.001,3.142,0.000,0.000,0.000,IDLE,1
68.472,MANUAL,0.000,0.000,0.600,0.050,0.200,0.350,0.150,-0.001,3.142,0.000,-0.000,0.000,IDLE,1
68.480,MANUAL,0.000,0.000,0.600,0.050,0.200,0.350,0.150,-0.001,3.142,0.000,-0.000,0.000,IDLE,1
68.488,MANUAL,0.000,0.000,0.600,0.050,0.200,0.350,0.150,-0.001,3.142,-0.000,0.000,0.000,IDLE,1
68.496,MANUAL,0.000,0.000,0.600,0.050,0.200,0.350,0.150,-0.001,3.142,-0.000,-0.000,0.000,IDLE,1
68.504,MANUAL,0.000,0.000,0.600,0.050,0.200,0.350,0.150,-0.001,3.142,0.000,0.000,0.000,IDLE,1
68.512,MANUAL,0.000,0.000,0.600,0.050,0.200,0.350,0.150,-0.001,3.142,0.000,-0.000,0.000,IDLE,1
68.520,MANUAL,0.000,0.000,0.600,0.050,0.200,0.350,0.150,-0.001,3.142,0.000,0.000,0.000,IDLE,1
68.528,MANUAL,0.000,0.000,0.600,0.050,0.200,0.350,0.150,-0.001,3.142,0.000,0.000,0.000,IDLE,1
68.536,MANUAL,0.000,0.000,0.600,0.050,0.200,0.350,0.150,-0.001,3.142,0.000,0.000,0.000,IDLE,1
68.544,MANUAL,0.000,0.000,0.600,0.050,0.200,0.350,0.150,-0.001,3.142,-0.000,-0.000,0.000,IDLE,1
68.552,MANUAL,0.000,0.000,0.600,0.050,0.200,0.350,0.150,-0.001,3.142,0.000,-0.000,0.000,IDLE,1
68.560,MANUAL,0.000,0.000,0.600,0.050,0.200,0.350,0.150,-0.001,3.142,0.000,-0.000,0.000,IDLE,1
68.568,MANUAL,0.000,0.000,0.600,0.050,0.200,0.350,0.150,-0.001,3.142,0.000,0.000,0.000,IDLE,1
68.576,MANUAL,0.000,0.000,0.600,0.050,0.200,0.350,0.150,-0.001,3.142,0.000,0.000,0.000,IDLE,1
68.584,MANUAL,0.000,0.000,0.600,0.050,0.200,0.350,0.150,-0.001,3.142,0.000,0.000,0.000,IDLE,1
68.592,MANUAL,0.000,0.000,0.600,0.050,0.200,0.350,0.150,-0.001,3.142,0.000,0.000,0.000,IDLE,1
68.600,MANUAL,0.000,0.000,0.600,0.050,0.200,0.350,0.150,-0.001,3.142,0.000,0.000,0.000,IDLE,1
68.608,MANUAL,0.000,0.000,0.600,0.050,0.200,0.350,0.150,-0.001,3.142,-0.000,-0.000,0.000,IDLE,1
68.616,MANUAL,0.000,0.000,0.600,0.050,0.200,0.350,0.150,-0.001,3.142,0.000,-0.000,0.000,IDLE,1
68.624,MANUAL,0.000,0.000,0.600,0.050,0.200,0.350,0.150,-0.001,3.142,0.000,-0.000,0.000,IDLE,1
68.632,MANUAL,0.000,0.000,0.600,0.050,0.200,0.350,0.150,-0.001,3.142,0.000,0.000,0.000,IDLE,1
68.640,MANUAL,0.000,0.000,0.600,0.050,0.200,0.350,0.150,-0.001,3.142,0.000,0.000,0.000,IDLE,1
68.648,MANUAL,0.000,0.000,0.600,0.050,0.200,0.350,0.150,-0.001,3.142,0.000,0.000,0.000,IDLE,1
68.656,MANUAL,0.000,0.000,0.600,0.050,0.200,0.350,0.150,-0.001,3.142,0.000,0.000,0.000,IDLE,1
68.664,MANUAL,0.000,0.000,0.600,0.050,0.200,0.350,0.150,-0.001,3.142,-0.000,0.000,0.000,IDLE,1
68.672,MANUAL,0.000,0.000,0.600,0.050,0.200,0.350,0.150,-0.001,3.142,-0.000,-0.000,0.000,IDLE,1
68.680,MANUAL,0.000,0.000,0.600,0.050,0.200,0.350,0.150,-0.001,3.142,0.000,-0.000,0.000,IDLE,1
68.688,MANUAL,0.000,0.000,0.600,0.050,0.200,0.350,0.150,-0.001,3.142,0.000,-0.000,0.000,IDLE,1
68.696,MANUAL,0.000,0.000,0.600,0.050,0.200,0.350,0.150,-0.001,3.142,0.000,0.000,0.000,IDLE,1
68.704,MANUAL,0.000,0.000,0.600,0.050,0.200,0.350,0.150,-0.001,3.142,0.000,0.000,0.000,IDLE,1
68.712,MANUAL,0.000,0.000,0.600,0.050,0.200,0.350,0.150,-0.001,3.142,0.000,0.000,0.000,IDLE,1
68.720,MANUAL,0.000,0.000,0.600,0.050,0.200,0.350,0.150,-0.001,3.142,-0.000,0.000,0.000,IDLE,1
68.728,MANUAL,0.000,0.000,0.600,0.050,0.200,0.350,0.150,-0.001,3.142,-0.000,-0.000,0.000,IDLE,1
68.736,MANUAL,0.000,0.000,0.600,0.050,0.200,0.350,0.150,-0.001,3.142,0.000,-0.000,0.000,IDLE,1
68.744,MANUAL,0.000,0.000,0.600,0.050,0.200,0.350,0.150,-0.001,3.142,-0.000,-0.000,0.000,IDLE,1
68.752,MANUAL,0.000,0.000,0.600,0.050,0.200,0.350,0.150,-0.001,3.142,0.000,0.000,0.000,IDLE,1
68.760,MANUAL,0.000,0.000,0.600,0.050,0.200,0.350,0.150,-0.001,3.142,0.000,0.000,0.000,IDLE,1
68.768,MANUAL,0.000,0.000,0.600,0.050,0.200,0.350,0.150,-0.001,3.142,0.000,0.000,0.000,IDLE,1
68.776,MANUAL,0.000,0.000,0.600,0.050,0.200,0.350,0.150,-0.001,3.142,-0.000,0.000,0.000,IDLE,1
68.784,MANUAL,0.000,0.000,0.600,0.050,0.200,0.350,0.150,-0.001,3.142,-0.000,-0.000,0.000,IDLE,1
68.792,MANUAL,0.000,0.000,0.600,0.050,0.200,0.350,0.150,-0.001,3.142,0.000,-0.000,0.000,IDLE,1
68.800,MANUAL,0.000,0.000,0.600,0.050,0.200,0.350,0.150,-0.001,3.142,0.000,-0.000,0.000,IDLE,1
68.808,MANUAL,0.000,0.000,0.600,0.050,0.200,0.350,0.150,-0.001,3.142,0.000,-0.000,0.000,IDLE,1
68.816,MANUAL,0.000,0.000,0.600,0.050,0.200,0.350,0.150,-0.001,3.142,0.000,-0.000,0.000,IDLE,1
68.824,MANUAL,0.000,0.000,0.600,0.050,0.200,0.350,0.150,-0.001,3.142,0.000,0.000,0.000,IDLE,1
68.832,MANUAL,0.000,0.000,0.600,0.050,0.200,0.350,0.150,-0.001,3.142,-0.000,0.000,0.000,IDLE,1
68.840,MANUAL,0.000,0.000,0.600,0.050,0.200,0.350,0.150,-0.001,3.142,-0.000,-0.000,0.000,IDLE,1
68.848,MANUAL,0.000,0.000,0.600,0.050,0.200,0.350,0.150,-0.001,3.142,0.000,-0.000,0.000,IDLE,1
68.856,MANUAL,0.000,0.000,0.600,0.050,0.200,0.350,0.150,-0.001,3.142,0.000,-0.000,0.000,IDLE,1
68.864,MANUAL,0.000,0.000,0.600,0.050,0.200,0.350,0.150,-0.001,3.142,0.000,0.000,0.000,IDLE,1
68.872,MANUAL,0.000,0.000,0.600,0.050,0.200,0.350,0.150,-0.001,3.142,0.000,-0.000,0.000,IDLE,1
68.880,MANUAL,0.000,0.000,0.600,0.050,0.200,0.350,0.150,-0.001,3.142,0.000,-0.000,0.000,IDLE,1
68.888,MANUAL,0.000,0.000,0.600,0.050,0.200,0.350,0.150,-0.001,3.142,0.000,0.000,0.000,IDLE,1
68.896,MANUAL,0.000,0.000,0.600,0.050,0.200,0.350,0.150,-0.001,3.142,-0.000,0.000,0.000,IDLE,1
68.904,MANUAL,0.000,0.000,0.600,0.050,0.200,0.350,0.150,-0.001,3.142,0.000,-0.000,0.000,IDLE,1
68.912,MANUAL,0.000,0.000,0.600,0.050,0.200,0.350,0.150,-0.001,3.142,0.000,-0.000,0.000,IDLE,1
68.920,MANUAL,0.000,0.000,0.600,0.050,0.200,0.350,0.150,-0.001,3.142,0.000,0.000,0.000,IDLE,1
68.928,MANUAL,0.000,0.000,0.600,0.050,0.200,0.350,0.150,-0.001,3.142,0.000,0.000,0.000,IDLE,1
68.936,MANUAL,0.000,0.000,0.600,0.050,0.200,0.350,0.150,-0.001,3.142,0.000,0.000,0.000,IDLE,1
68.944,MANUAL,0.000,0.000,0.600,0.050,0.200,0.350,0.150,-0.001,3.142,0.000,-0.000,0.000,IDLE,1
68.952,MANUAL,0.000,0.000,0.600,0.050,0.200,0.350,0.150,-0.001,3.142,-0.000,-0.000,0.000,IDLE,1
68.960,MANUAL,0.000,0.000,0.600,0.050,0.200,0.350,0.150,-0.001,3.142,-0.000,-0.000,0.000,IDLE,1
68.968,MANUAL,0.000,0.000,0.600,0.050,0.200,0.350,0.150,-0.001,3.142,0.000,0.000,0.000,IDLE,1
68.976,MANUAL,0.000,0.000,0.600,0.050,0.200,0.350,0.150,-0.001,3.142,0.000,-0.000,0.000,IDLE,1
68.984,MANUAL,0.000,0.000,0.600,0.050,0.200,0.350,0.150,-0.001,3.142,0.000,0.000,0.000,IDLE,1
68.992,MANUAL,0.000,0.000,0.600,0.050,0.200,0.350,0.150,-0.001,3.142,0.000,0.000,0.000,IDLE,1
69.000,MANUAL,0.000,0.000,0.600,0.050,0.200,0.350,0.150,-0.001,3.142,0.000,0.000,0.000,IDLE,1
69.008,MANUAL,0.000,0.000,0.600,0.050,0.200,0.350,0.150,-0.001,3.142,-0.000,-0.000,0.000,IDLE,1
69.016,MANUAL,0.000,0.000,0.600,0.050,0.200,0.350,0.150,-0.001,3.142,-0.000,-0.000,0.000,IDLE,1
69.024,MANUAL,0.000,0.000,0.600,0.050,0.200,0.350,0.150,-0.001,3.142,0.000,-0.000,0.000,IDLE,1
69.032,MANUAL,0.000,0.000,0.600,0.050,0.200,0.350,0.150,-0.001,3.142,0.000,-0.000,0.000,IDLE,1
69.040,MANUAL,0.000,0.000,0.600,0.050,0.200,0.350,0.150,-0.001,3.142,0.000,0.000,0.000,IDLE,1
69.048,MANUAL,0.000,0.000,0.600,0.050,0.200,0.350,0.150,-0.001,3.142,0.000,0.000,0.000,IDLE,1
69.056,MANUAL,0.000,0.000,0.600,0.050,0.200,0.350,0.150,-0.001,3.142,0.000,0.000,0.000,IDLE,1
69.064,MANUAL,0.000,0.000,0.600,0.050,0.200,0.350,0.150,-0.001,3.142,-0.000,0.000,0.000,IDLE,1
69.072,MANUAL,0.000,0.000,0.600,0.050,0.200,0.350,0.150,-0.001,3.142,0.000,-0.000,0.000,IDLE,1
69.080,MANUAL,0.000,0.000,0.600,0.050,0.200,0.350,0.150,-0.001,3.142,-0.000,-0.000,0.000,IDLE,1
69.088,MANUAL,0.000,0.000,0.600,0.050,0.200,0.350,0.150,-0.001,3.142,0.000,-0.000,0.000,IDLE,1
69.096,MANUAL,0.000,0.000,0.600,0.050,0.200,0.350,0.150,-0.001,3.142,0.000,0.000,0.000,IDLE,1
69.104,MANUAL,0.000,0.000,0.600,0.050,0.200,0.350,0.150,-0.001,3.142,0.000,0.000,0.000,IDLE,1
69.112,MANUAL,0.000,0.000,0.600,0.050,0.200,0.350,0.150,-0.001,3.142,0.000,0.000,0.000,IDLE,1
69.120,MANUAL,0.000,0.000,0.600,0.050,0.200,0.350,0.150,-0.001,3.142,-0.000,0.000,0.000,IDLE,1
69.128,MANUAL,0.000,0.000,0.600,0.050,0.200,0.350,0.150,-0.001,3.142,-0.000,-0.000,0.000,IDLE,1
69.136,MANUAL,0.000,0.000,0.600,0.050,0.200,0.350,0.150,-0.001,3.142,0.000,-0.000,0.000,IDLE,1
69.144,MANUAL,0.000,0.000,0.600,0.050,0.200,0.350,0.150,-0.001,3.142,0.000,-0.000,0.000,IDLE,1
69.152,MANUAL,0.000,0.000,0.600,0.050,0.200,0.350,0.150,-0.001,3.142,0.000,-0.000,0.000,IDLE,1
69.160,MANUAL,0.000,0.000,0.600,0.050,0.200,0.350,0.150,-0.001,3.142,0.000,0.000,0.000,IDLE,1
69.168,MANUAL,0.000,0.000,0.600,0.050,0.200,0.350,0.150,-0.001,3.142,0.000,0.000,0.000,IDLE,1
69.176,MANUAL,0.000,0.000,0.600,0.050,0.200,0.350,0.150,-0.001,3.142,0.000,0.000,0.000,IDLE,1
69.184,MANUAL,0.000,0.000,0.600,0.050,0.200,0.350,0.150,-0.001,3.142,-0.000,0.000,0.000,IDLE,1
69.192,MANUAL,0.000,0.000,0.600,0.050,0.200,0.350,0.150,-0.001,3.142,0.000,-0.000,0.000,IDLE,1
69.200,MANUAL,0.000,0.000,0.600,0.050,0.200,0.350,0.150,-0.001,3.142,0.000,-0.000,0.000,IDLE,1
69.208,MANUAL,0.000,0.000,0.600,0.050,0.200,0.350,0.150,-0.001,3.142,0.000,-0.000,0.000,IDLE,1
69.216,MANUAL,0.000,0.000,0.600,0.050,0.200,0.350,0.150,-0.001,3.142,0.000,-0.000,0.000,IDLE,1
69.224,MANUAL,0.000,0.000,0.600,0.050,0.200,0.350,0.150,-0.001,3.142,0.000,0.000,0.000,IDLE,1
69.232,MANUAL,0.000,0.000,0.600,0.050,0.200,0.350,0.150,-0.001,3.142,0.000,0.000,0.000,IDLE,1
69.240,MANUAL,0.000,0.000,0.600,0.050,0.200,0.350,0.150,-0.001,3.142,-0.000,0.000,0.000,IDLE,1
69.248,MANUAL,0.000,0.000,0.600,0.050,0.200,0.350,0.150,-0.001,3.142,-0.000,-0.000,0.000,IDLE,1
69.256,MANUAL,0.000,0.000,0.600,0.050,0.200,0.350,0.150,-0.001,3.142,0.000,-0.000,0.000,IDLE,1
69.264,MANUAL,0.000,0.000,0.600,0.050,0.200,0.350,0.150,-0.001,3.142,0.000,-0.000,0.000,IDLE,1
69.272,MANUAL,0.000,0.000,0.600,0.050,0.200,0.350,0.150,-0.001,3.142,0.000,0.000,0.000,IDLE,1
69.280,MANUAL,0.000,0.000,0.600,0.050,0.200,0.350,0.150,-0.001,3.142,-0.000,-0.000,0.000,IDLE,1
69.288,MANUAL,0.000,0.000,0.600,0.050,0.200,0.350,0.150,-0.001,3.142,0.000,0.000,0.000,IDLE,1
69.296,MANUAL,0.000,0.000,0.600,0.050,0.200,0.350,0.150,-0.001,3.142,-0.000,0.000,0.000,IDLE,1
69.304,MANUAL,0.000,0.000,0.600,0.050,0.200,0.350,0.150,-0.001,3.142,-0.000,-0.000,0.000,IDLE,1
69.312,MANUAL,0.000,0.000,0.600,0.050,0.200,0.350,0.150,-0.001,3.142,0.000,-0.000,0.000,IDLE,1
69.320,MANUAL,0.000,0.000,0.600,0.050,0.200,0.350,0.150,-0.001,3.142,0.000,-0.000,0.000,IDLE,1
69.328,MANUAL,0.000,0.000,0.600,0.050,0.200,0.350,0.150,-0.001,3.142,0.000,0.000,0.000,IDLE,1
69.336,MANUAL,0.000,0.000,0.600,0.050,0.200,0.350,0.150,-0.001,3.142,0.000,0.000,0.000,IDLE,1
69.344,MANUAL,0.000,0.000,0.600,0.050,0.200,0.350,0.150,-0.001,3.142,0.000,-0.000,0.000,IDLE,1
69.352,MANUAL,0.000,0.000,0.600,0.050,0.200,0.350,0.150,-0.001,3.142,-0.000,-0.000,0.000,IDLE,1
69.360,MANUAL,0.000,0.000,0.600,0.050,0.200,0.350,0.150,-0.001,3.142,-0.000,-0.000,0.000,IDLE,1
69.368,MANUAL,0.000,0.000,0.600,0.050,0.200,0.350,0.150,-0.001,3.142,0.000,0.000,0.000,IDLE,1
69.376,MANUAL,0.000,0.000,0.600,0.050,0.200,0.350,0.150,-0.001,3.142,0.000,-0.000,0.000,IDLE,1
69.384,MANUAL,0.000,0.000,0.600,0.050,0.200,0.350,0.150,-0.001,3.142,0.000,0.000,0.000,IDLE,1
69.392,MANUAL,0.000,0.000,0.600,0.050,0.200,0.350,0.150,-0.001,3.142,0.000,0.000,0.000,IDLE,1
69.400,MANUAL,0.000,0.000,0.600,0.050,0.200,0.350,0.150,-0.001,3.142,0.000,0.000,0.000,IDLE,1
69.408,MANUAL,0.000,0.000,0.600,0.050,0.200,0.350,0.150,-0.001,3.142,-0.000,-0.000,0.000,IDLE,1
69.416,MANUAL,0.000,0.000,0.600,0.050,0.200,0.350,0.150,-0.001,3.142,-0.000,-0.000,0.000,IDLE,1
69.424,MANUAL,0.000,0.000,0.600,0.050,0.200,0.350,0.150,-0.001,3.142,0.000,-0.000,0.000,IDLE,1
69.432,MANUAL,0.000,0.000,0.600,0.050,0.200,0.350,0.150,-0.001,3.142,0.000,0.000,0.000,IDLE,1
69.440,MANUAL,0.000,0.000,0.600,0.050,0.200,0.350,0.150,-0.001,3.142,0.000,0.000,0.000,IDLE,1
69.448,MANUAL,0.000,0.000,0.600,0.050,0.200,0.350,0.150,-0.001,3.142,0.000,0.000,0.000,IDLE,1
69.456,MANUAL,0.000,0.000,0.600,0.050,0.200,0.350,0.150,-0.001,3.142,0.000,0.000,0.000,IDLE,1
69.464,MANUAL,0.000,0.000,0.600,0.050,0.200,0.350,0.150,-0.001,3.142,0.000,0.000,0.000,IDLE,1
69.472,MANUAL,0.000,0.000,0.600,0.050,0.200,0.350,0.150,-0.001,3.142,-0.000,-0.000,0.000,IDLE,1
69.480,MANUAL,0.000,0.000,0.600,0.050,0.200,0.350,0.150,-0.001,3.142,0.000,-0.000,0.000,IDLE,1
69.488,MANUAL,0.000,0.000,0.600,0.050,0.200,0.350,0.150,-0.001,3.142,0.000,-0.000,0.000,IDLE,1
69.496,MANUAL,0.000,0.000,0.600,0.050,0.200,0.350,0.150,-0.001,3.142,0.000,0.000,0.000,IDLE,1
69.504,MANUAL,0.000,0.000,0.600,0.050,0.200,0.350,0.150,-0.001,3.142,0.000,0.000,0.000,IDLE,1
69.512,MANUAL,0.000,0.000,0.600,0.050,0.200,0.350,0.150,-0.001,3.142,0.000,0.000,0.000,IDLE,1
69.520,MANUAL,0.000,0.000,0.600,0.050,0.200,0.350,0.150,-0.001,3.142,0.000,0.000,0.000,IDLE,1
69.528,MANUAL,0.000,0.000,0.600,0.050,0.200,0.350,0.150,-0.001,3.142,-0.000,0.000,0.000,IDLE,1
69.536,MANUAL,0.000,0.000,0.600,0.050,0.200,0.350,0.150,-0.001,3.142,-0.000,-0.000,0.000,IDLE,1
69.544,MANUAL,0.000,0.000,0.600,0.050,0.200,0.350,0.150,-0.001,3.142,0.000,-0.000,0.000,IDLE,1
69.552,MANUAL,0.000,0.000,0.600,0.050,0.200,0.350,0.150,-0.001,3.142,0.000,-0.000,0.000,IDLE,1
69.560,MANUAL,0.000,0.000,0.600,0.050,0.200,0.350,0.150,-0.001,3.142,0.000,0.000,0.000,IDLE,1
69.568,MANUAL,0.000,0.000,0.600,0.050,0.200,0.350,0.150,-0.001,3.142,0.000,0.000,0.000,IDLE,1
69.576,MANUAL,0.000,0.000,0.600,0.050,0.200,0.350,0.150,-0.001,3.142,0.000,0.000,0.000,IDLE,1
69.584,MANUAL,0.000,0.000,0.600,0.050,0.200,0.350,0.150,-0.001,3.142,-0.000,0.000,0.000,IDLE,1
69.592,MANUAL,0.000,0.000,0.600,0.050,0.200,0.350,0.150,-0.001,3.142,-0.000,-0.000,0.000,IDLE,1
69.600,MANUAL,0.000,0.000,0.600,0.050,0.200,0.350,0.150,-0.001,3.142,0.000,-0.000,0.000,IDLE,1
69.608,MANUAL,0.000,0.000,0.600,0.050,0.200,0.350,0.150,-0.001,3.142,0.000,-0.000,0.000,IDLE,1
69.616,MANUAL,0.000,0.000,0.600,0.050,0.200,0.350,0.150,-0.001,3.142,0.000,-0.000,0.000,IDLE,1
69.624,MANUAL,0.000,0.000,0.600,0.050,0.200,0.350,0.150,-0.001,3.142,0.000,0.000,0.000,IDLE,1
69.632,MANUAL,0.000,0.000,0.600,0.050,0.200,0.350,0.150,-0.001,3.142,0.000,0.000,0.000,IDLE,1
69.640,MANUAL,0.000,0.000,0.600,0.050,0.200,0.350,0.150,-0.001,3.142,-0.000,0.000,0.000,IDLE,1
69.648,MANUAL,0.000,0.000,0.600,0.050,0.200,0.350,0.150,-0.001,3.142,-0.000,-0.000,0.000,IDLE,1
69.656,MANUAL,0.000,0.000,0.600,0.050,0.200,0.350,0.150,-0.001,3.142,0.000,0.000,0.000,IDLE,1
69.664,MANUAL,0.000,0.000,0.600,0.050,0.200,0.350,0.150,-0.001,3.142,0.000,-0.000,0.000,IDLE,1
69.672,MANUAL,0.000,0.000,0.600,0.050,0.200,0.350,0.150,-0.001,3.142,0.000,0.000,0.000,IDLE,1
69.680,MANUAL,0.000,0.000,0.600,0.050,0.200,0.350,0.150,-0.001,3.142,0.000,-0.000,0.000,IDLE,1
69.688,MANUAL,0.000,0.000,0.600,0.050,0.200,0.350,0.150,-0.001,3.142,0.000,-0.000,0.000,IDLE,1
69.696,MANUAL,0.000,0.000,0.600,0.050,0.200,0.350,0.150,-0.001,3.142,-0.000,0.000,0.000,IDLE,1
69.704,MANUAL,0.000,0.000,0.600,0.050,0.200,0.350,0.150,-0.001,3.142,-0.000,-0.000,0.000,IDLE,1
69.712,MANUAL,0.000,0.000,0.600,0.050,0.200,0.350,0.150,-0.001,3.142,0.000,0.000,0.000,IDLE,1
69.720,MANUAL,0.000,0.000,0.600,0.050,0.200,0.350,0.150,-0.001,3.142,0.000,-0.000,0.000,IDLE,1
69.728,MANUAL,0.000,0.000,0.600,0.050,0.200,0.350,0.150,-0.001,3.142,0.000,0.000,0.000,IDLE,1
69.736,MANUAL,0.000,0.000,0.600,0.050,0.200,0.350,0.150,-0.001,3.142,0.000,0.000,0.000,IDLE,1
69.744,MANUAL,0.000,0.000,0.600,0.050,0.200,0.350,0.150,-0.001,3.142,0.000,-0.000,0.000,IDLE,1
69.752,MANUAL,0.000,0.000,0.600,0.050,0.200,0.350,0.150,-0.001,3.142,0.000,-0.000,0.000,IDLE,1
69.760,MANUAL,0.000,0.000,0.600,0.050,0.200,0.350,0.150,-0.001,3.142,-0.000,0.000,0.000,IDLE,1
69.768,MANUAL,0.000,0.000,0.600,0.050,0.200,0.350,0.150,-0.001,3.142,0.000,-0.000,0.000,IDLE,1
69.776,MANUAL,0.000,0.000,0.600,0.050,0.200,0.350,0.150,-0.001,3.142,0.000,-0.000,0.000,IDLE,1
69.784,MANUAL,0.000,0.000,0.600,0.050,0.200,0.350,0.150,-0.001,3.142,0.000,0.000,0.000,IDLE,1
69.792,MANUAL,0.000,0.000,0.600,0.050,0.200,0.350,0.150,-0.001,3.142,0.000,0.000,0.000,IDLE,1
69.800,MANUAL,0.000,0.000,0.600,0.050,0.200,0.350,0.150,-0.001,3.142,0.000,0.000,0.000,IDLE,1
69.808,MANUAL,0.000,0.000,0.600,0.050,0.200,0.350,0.150,-0.001,3.142,0.000,-0.000,0.000,IDLE,1
69.816,MANUAL,0.000,0.000,0.600,0.050,0.200,0.350,0.150,-0.001,3.142,-0.000,-0.000,0.000,IDLE,1
69.824,MANUAL,0.000,0.000,0.600,0.050,0.200,0.350,0.150,-0.001,3.142,0.000,-0.000,0.000,IDLE,1
69.832,MANUAL,0.000,0.000,0.600,0.050,0.200,0.350,0.150,-0.001,3.142,0.000,0.000,0.000,IDLE,1
69.840,MANUAL,0.000,0.000,0.600,0.050,0.200,0.350,0.150,-0.001,3.142,0.000,-0.000,0.000,IDLE,1
69.848,MANUAL,0.000,0.000,0.600,0.050,0.200,0.350,0.150,-0.001,3.142,0.000,0.000,0.000,IDLE,1
69.856,MANUAL,0.000,0.000,0.600,0.050,0.200,0.350,0.150,-0.001,3.142,0.000,0.000,0.000,IDLE,1
69.864,MANUAL,0.000,0.000,0.600,0.050,0.200,0.350,0.150,-0.001,3.142,0.000,0.000,0.000,IDLE,1
69.872,MANUAL,0.000,0.000,0.600,0.050,0.200,0.350,0.150,-0.001,3.142,-0.000,-0.000,0.000,IDLE,1
69.880,MANUAL,0.000,0.000,0.600,0.050,0.200,0.350,0.150,-0.001,3.142,-0.000,-0.000,0.000,IDLE,1
69.888,MANUAL,0.000,0.000,0.600,0.050,0.200,0.350,0.150,-0.001,3.142,0.000,-0.000,0.000,IDLE,1
69.896,MANUAL,0.000,0.000,0.600,0.050,0.200,0.350,0.150,-0.001,3.142,0.000,-0.000,0.000,IDLE,1
69.904,MANUAL,0.000,0.000,0.600,0.050,0.200,0.350,0.150,-0.001,3.142,0.000,0.000,0.000,IDLE,1
69.912,MANUAL,0.000,0.000,0.600,0.050,0.200,0.350,0.150,-0.001,3.142,0.000,0.000,0.000,IDLE,1
69.920,MANUAL,0.000,0.000,0.600,0.050,0.200,0.350,0.150,-0.001,3.142,0.000,0.000,0.000,IDLE,1
69.928,MANUAL,0.000,0.000,0.600,0.050,0.200,0.350,0.150,-0.001,3.142,-0.000,0.000,0.000,IDLE,1
69.936,MANUAL,0.000,0.000,0.600,0.050,0.200,0.350,0.150,-0.001,3.142,-0.000,-0.000,0.000,IDLE,1
69.944,MANUAL,0.000,0.000,0.600,0.050,0.200,0.350,0.150,-0.001,3.142,0.000,-0.000,0.000,IDLE,1
69.952,MANUAL,0.000,0.000,0.600,0.050,0.200,0.350,0.150,-0.001,3.142,0.000,-0.000,0.000,IDLE,1
69.960,MANUAL,0.000,0.000,0.600,0.050,0.200,0.350,0.150,-0.001,3.142,0.000,0.000,0.000,IDLE,1
69.968,MANUAL,0.000,0.000,0.600,0.050,0.200,0.350,0.150,-0.001,3.142,0.000,0.000,0.000,IDLE,1
69.976,MANUAL,0.000,0.000,0.600,0.050,0.200,0.350,0.150,-0.001,3.142,0.000,0.000,0.000,IDLE,1
69.984,MANUAL,0.000,0.000,0.600,0.050,0.200,0.350,0.150,-0.001,3.142,0.000,0.000,0.000,IDLE,1
69.992,MANUAL,0.000,0.000,0.600,0.050,0.200,0.350,0.150,-0.001,3.142,-0.000,0.000,0.000,IDLE,1
70.000,MANUAL,0.000,0.000,0.600,0.050,0.200,0.350,0.150,-0.001,3.142,0.000,-0.000,0.000,IDLE,1
70.008,MANUAL,0.000,0.000,0.600,0.050,0.200,0.350,0.150,-0.001,3.142,0.000,-0.000,0.000,IDLE,1
70.016,MANUAL,0.000,0.000,0.600,0.050,0.200,0.350,0.150,-0.001,3.142,-0.000,-0.000,0.000,IDLE,1
